"id";"name";"likes";"picture";"date"
368902689980960;"Grzegorz Braun";113;"https://fbcdn-profile-a.akamaihd.net/hprofile-ak-xfa1/v/t1.0-1/p200x200/11018622_368905606647335_2959445269122440656_n.jpg?oh=b952839f7a286ad02ab9016029d09821&oe=55B2250C&__gda__=1437948293_3982188fc34e5cf89478a2025abf3358";"2015-04-05"
973776299316688;"Grzegorz Braun na prezydenta";2506;"https://fbcdn-profile-a.akamaihd.net/hprofile-ak-xpt1/v/t1.0-1/p200x200/10934033_996055770422074_1863494928900683888_n.jpg?oh=5cba6bed9c2d946058ce67bbf57f7fa0&oe=55A4E289&__gda__=1437212404_c49591b9ecc4e635bee62ea98661f7a9";"2015-04-05"
423516244481713;"Grzegorz Braun";14;"https://fbcdn-profile-a.akamaihd.net/hprofile-ak-xfa1/v/t1.0-1/c0.0.200.200/p200x200/10362366_423517101148294_7743918823114838569_n.jpg?oh=e636f84c9818b06119215dc767def0cd&oe=559F334D&__gda__=1437158053_3ce0f8f412bb6a3c4d1bfbfb97028068";"2015-04-05"
1538401599758196;"Grzegorz Braun";19;"https://fbcdn-profile-a.akamaihd.net/static-ak/rsrc.php/v2/y9/r/zesEb_o5oyL.png";"2015-04-05"
368902689980960;"Grzegorz Braun";122;"https://fbcdn-profile-a.akamaihd.net/hprofile-ak-xfa1/v/t1.0-1/p200x200/11018622_368905606647335_2959445269122440656_n.jpg?oh=b952839f7a286ad02ab9016029d09821&oe=55B2250C&__gda__=1437948293_3982188fc34e5cf89478a2025abf3358";"2015-04-06"
973776299316688;"Grzegorz Braun na prezydenta";2525;"https://fbcdn-profile-a.akamaihd.net/hprofile-ak-xpt1/v/t1.0-1/p200x200/10934033_996055770422074_1863494928900683888_n.jpg?oh=5cba6bed9c2d946058ce67bbf57f7fa0&oe=55A4E289&__gda__=1437212404_c49591b9ecc4e635bee62ea98661f7a9";"2015-04-06"
423516244481713;"Grzegorz Braun";14;"https://fbcdn-profile-a.akamaihd.net/hprofile-ak-xfa1/v/t1.0-1/c0.0.200.200/p200x200/10362366_423517101148294_7743918823114838569_n.jpg?oh=e636f84c9818b06119215dc767def0cd&oe=559F334D&__gda__=1437158053_3ce0f8f412bb6a3c4d1bfbfb97028068";"2015-04-06"
1538401599758196;"Grzegorz Braun";19;"https://fbcdn-profile-a.akamaihd.net/static-ak/rsrc.php/v2/y9/r/zesEb_o5oyL.png";"2015-04-06"
368902689980960;"Grzegorz Braun";135;"https://fbcdn-profile-a.akamaihd.net/hprofile-ak-xfa1/v/t1.0-1/p200x200/11018622_368905606647335_2959445269122440656_n.jpg?oh=b952839f7a286ad02ab9016029d09821&oe=55B2250C&__gda__=1437948293_3982188fc34e5cf89478a2025abf3358";"2015-04-07"
973776299316688;"Grzegorz Braun na prezydenta";2537;"https://fbcdn-profile-a.akamaihd.net/hprofile-ak-xpt1/v/t1.0-1/p200x200/10934033_996055770422074_1863494928900683888_n.jpg?oh=5cba6bed9c2d946058ce67bbf57f7fa0&oe=55A4E289&__gda__=1437212404_c49591b9ecc4e635bee62ea98661f7a9";"2015-04-07"
423516244481713;"Grzegorz Braun";17;"https://fbcdn-profile-a.akamaihd.net/hprofile-ak-xfa1/v/t1.0-1/c0.0.200.200/p200x200/10362366_423517101148294_7743918823114838569_n.jpg?oh=e636f84c9818b06119215dc767def0cd&oe=559F334D&__gda__=1437158053_3ce0f8f412bb6a3c4d1bfbfb97028068";"2015-04-07"
1538401599758196;"Grzegorz Braun";19;"https://fbcdn-profile-a.akamaihd.net/static-ak/rsrc.php/v2/y9/r/zesEb_o5oyL.png";"2015-04-07"
368902689980960;"Grzegorz Braun";148;"https://fbcdn-profile-a.akamaihd.net/hprofile-ak-xfa1/v/t1.0-1/p200x200/11018622_368905606647335_2959445269122440656_n.jpg?oh=b952839f7a286ad02ab9016029d09821&oe=55B2250C&__gda__=1437948293_3982188fc34e5cf89478a2025abf3358";"2015-04-08"
973776299316688;"Grzegorz Braun na prezydenta";2549;"https://fbcdn-profile-a.akamaihd.net/hprofile-ak-xpt1/v/t1.0-1/p200x200/10934033_996055770422074_1863494928900683888_n.jpg?oh=5cba6bed9c2d946058ce67bbf57f7fa0&oe=55A4E289&__gda__=1437212404_c49591b9ecc4e635bee62ea98661f7a9";"2015-04-08"
423516244481713;"Grzegorz Braun";18;"https://fbcdn-profile-a.akamaihd.net/hprofile-ak-xfa1/v/t1.0-1/c0.0.200.200/p200x200/10362366_423517101148294_7743918823114838569_n.jpg?oh=e636f84c9818b06119215dc767def0cd&oe=559F334D&__gda__=1437158053_3ce0f8f412bb6a3c4d1bfbfb97028068";"2015-04-08"
1538401599758196;"Grzegorz Braun";19;"https://fbcdn-profile-a.akamaihd.net/static-ak/rsrc.php/v2/y9/r/zesEb_o5oyL.png";"2015-04-08"
368902689980960;"Grzegorz Braun";172;"https://fbcdn-profile-a.akamaihd.net/hprofile-ak-xfa1/v/t1.0-1/p200x200/11018622_368905606647335_2959445269122440656_n.jpg?oh=b952839f7a286ad02ab9016029d09821&oe=55B2250C&__gda__=1437948293_3982188fc34e5cf89478a2025abf3358";"2015-04-10"
973776299316688;"Grzegorz Braun na prezydenta";2590;"https://fbcdn-profile-a.akamaihd.net/hprofile-ak-xpf1/v/t1.0-1/p200x200/10934033_996055770422074_1863494928900683888_n.jpg?oh=5cba6bed9c2d946058ce67bbf57f7fa0&oe=55A4E289&__gda__=1436186223_fddfeebd60613929bc72f3486319dd46";"2015-04-10"
423516244481713;"Grzegorz Braun";21;"https://fbcdn-profile-a.akamaihd.net/hprofile-ak-xfa1/v/t1.0-1/c0.0.200.200/p200x200/10362366_423517101148294_7743918823114838569_n.jpg?oh=e636f84c9818b06119215dc767def0cd&oe=559F334D&__gda__=1437158053_3ce0f8f412bb6a3c4d1bfbfb97028068";"2015-04-10"
1538401599758196;"Grzegorz Braun";21;"https://fbcdn-profile-a.akamaihd.net/static-ak/rsrc.php/v2/y9/r/zesEb_o5oyL.png";"2015-04-10"
368902689980960;"Grzegorz Braun";172;"https://fbcdn-profile-a.akamaihd.net/hprofile-ak-xfa1/v/t1.0-1/p200x200/11018622_368905606647335_2959445269122440656_n.jpg?oh=b952839f7a286ad02ab9016029d09821&oe=55B2250C&__gda__=1437948293_3982188fc34e5cf89478a2025abf3358";"2015-04-11"
973776299316688;"Grzegorz Braun na prezydenta";2603;"https://fbcdn-profile-a.akamaihd.net/hprofile-ak-xpf1/v/t1.0-1/p200x200/10934033_996055770422074_1863494928900683888_n.jpg?oh=5cba6bed9c2d946058ce67bbf57f7fa0&oe=55A4E289&__gda__=1436186223_fddfeebd60613929bc72f3486319dd46";"2015-04-11"
423516244481713;"Grzegorz Braun";21;"https://fbcdn-profile-a.akamaihd.net/hprofile-ak-xfa1/v/t1.0-1/c0.0.200.200/p200x200/10362366_423517101148294_7743918823114838569_n.jpg?oh=e636f84c9818b06119215dc767def0cd&oe=559F334D&__gda__=1437158053_3ce0f8f412bb6a3c4d1bfbfb97028068";"2015-04-11"
1538401599758196;"Grzegorz Braun";21;"https://fbcdn-profile-a.akamaihd.net/static-ak/rsrc.php/v2/y9/r/zesEb_o5oyL.png";"2015-04-11"
368902689980960;"Grzegorz Braun";172;"https://fbcdn-profile-a.akamaihd.net/hprofile-ak-xfa1/v/t1.0-1/p200x200/11018622_368905606647335_2959445269122440656_n.jpg?oh=b952839f7a286ad02ab9016029d09821&oe=55B2250C&__gda__=1440540293_edbcde04aee4f95b840a3ea91d30733f";"2015-04-12"
973776299316688;"Grzegorz Braun na prezydenta";2634;"https://fbcdn-profile-a.akamaihd.net/hprofile-ak-xpf1/v/t1.0-1/p200x200/10934033_996055770422074_1863494928900683888_n.jpg?oh=5cba6bed9c2d946058ce67bbf57f7fa0&oe=55A4E289&__gda__=1436186223_fddfeebd60613929bc72f3486319dd46";"2015-04-12"
423516244481713;"Grzegorz Braun";24;"https://fbcdn-profile-a.akamaihd.net/hprofile-ak-xfa1/v/t1.0-1/c0.0.200.200/p200x200/10362366_423517101148294_7743918823114838569_n.jpg?oh=e636f84c9818b06119215dc767def0cd&oe=559F334D&__gda__=1437158053_3ce0f8f412bb6a3c4d1bfbfb97028068";"2015-04-12"
1538401599758196;"Grzegorz Braun";22;"https://fbcdn-profile-a.akamaihd.net/static-ak/rsrc.php/v2/y9/r/zesEb_o5oyL.png";"2015-04-12"
368902689980960;"Grzegorz Braun";175;"https://fbcdn-profile-a.akamaihd.net/hprofile-ak-xfa1/v/t1.0-1/p200x200/11018622_368905606647335_2959445269122440656_n.jpg?oh=b952839f7a286ad02ab9016029d09821&oe=55B2250C&__gda__=1440540293_edbcde04aee4f95b840a3ea91d30733f";"2015-04-13"
973776299316688;"Grzegorz Braun na prezydenta";2673;"https://fbcdn-profile-a.akamaihd.net/hprofile-ak-xpf1/v/t1.0-1/p200x200/10934033_996055770422074_1863494928900683888_n.jpg?oh=5cba6bed9c2d946058ce67bbf57f7fa0&oe=55A4E289&__gda__=1436186223_fddfeebd60613929bc72f3486319dd46";"2015-04-13"
423516244481713;"Grzegorz Braun";29;"https://fbcdn-profile-a.akamaihd.net/hprofile-ak-xfa1/v/t1.0-1/c0.0.200.200/p200x200/10362366_423517101148294_7743918823114838569_n.jpg?oh=e636f84c9818b06119215dc767def0cd&oe=559F334D&__gda__=1437158053_3ce0f8f412bb6a3c4d1bfbfb97028068";"2015-04-13"
1538401599758196;"Grzegorz Braun";22;"https://fbcdn-profile-a.akamaihd.net/static-ak/rsrc.php/v2/y9/r/zesEb_o5oyL.png";"2015-04-13"
368902689980960;"Grzegorz Braun";175;"https://fbcdn-profile-a.akamaihd.net/hprofile-ak-xfa1/v/t1.0-1/p200x200/11018622_368905606647335_2959445269122440656_n.jpg?oh=41669e015459a38ca6b38547e7599140&oe=55D9B20C&__gda__=1440540293_5280a5fb9834883e45087fc2aca5a936";"2015-04-14"
973776299316688;"Grzegorz Braun na prezydenta";2689;"https://fbcdn-profile-a.akamaihd.net/hprofile-ak-xpf1/v/t1.0-1/p200x200/10934033_996055770422074_1863494928900683888_n.jpg?oh=5cba6bed9c2d946058ce67bbf57f7fa0&oe=55A4E289&__gda__=1436186223_fddfeebd60613929bc72f3486319dd46";"2015-04-14"
423516244481713;"Grzegorz Braun";30;"https://fbcdn-profile-a.akamaihd.net/hprofile-ak-xfa1/v/t1.0-1/c0.0.200.200/p200x200/10362366_423517101148294_7743918823114838569_n.jpg?oh=e636f84c9818b06119215dc767def0cd&oe=559F334D&__gda__=1437158053_3ce0f8f412bb6a3c4d1bfbfb97028068";"2015-04-14"
1538401599758196;"Grzegorz Braun";22;"https://fbcdn-profile-a.akamaihd.net/static-ak/rsrc.php/v2/y9/r/zesEb_o5oyL.png";"2015-04-14"
368902689980960;"Grzegorz Braun";175;"https://fbcdn-profile-a.akamaihd.net/hprofile-ak-xfa1/v/t1.0-1/p200x200/11018622_368905606647335_2959445269122440656_n.jpg?oh=41669e015459a38ca6b38547e7599140&oe=55D9B20C&__gda__=1440540293_5280a5fb9834883e45087fc2aca5a936";"2015-04-15"
973776299316688;"Grzegorz Braun na prezydenta";2704;"https://fbcdn-profile-a.akamaihd.net/hprofile-ak-xpf1/v/t1.0-1/p200x200/10934033_996055770422074_1863494928900683888_n.jpg?oh=5cba6bed9c2d946058ce67bbf57f7fa0&oe=55A4E289&__gda__=1436186223_fddfeebd60613929bc72f3486319dd46";"2015-04-15"
423516244481713;"Grzegorz Braun";36;"https://fbcdn-profile-a.akamaihd.net/hprofile-ak-xfa1/v/t1.0-1/c0.0.200.200/p200x200/10362366_423517101148294_7743918823114838569_n.jpg?oh=e636f84c9818b06119215dc767def0cd&oe=559F334D&__gda__=1437158053_3ce0f8f412bb6a3c4d1bfbfb97028068";"2015-04-15"
1538401599758196;"Grzegorz Braun";22;"https://fbcdn-profile-a.akamaihd.net/static-ak/rsrc.php/v2/y9/r/zesEb_o5oyL.png";"2015-04-15"
368902689980960;"Grzegorz Braun";178;"https://fbcdn-profile-a.akamaihd.net/hprofile-ak-xfa1/v/t1.0-1/p200x200/11018622_368905606647335_2959445269122440656_n.jpg?oh=41669e015459a38ca6b38547e7599140&oe=55D9B20C&__gda__=1440540293_5280a5fb9834883e45087fc2aca5a936";"2015-04-16"
973776299316688;"Grzegorz Braun na prezydenta";2721;"https://fbcdn-profile-a.akamaihd.net/hprofile-ak-xfa1/v/t1.0-1/p200x200/10934033_996055770422074_1863494928900683888_n.jpg?oh=5cba6bed9c2d946058ce67bbf57f7fa0&oe=55A4E289&__gda__=1441122816_40a5db2359a2d2a193415f4dbd6604aa";"2015-04-16"
423516244481713;"Grzegorz Braun";38;"https://fbcdn-profile-a.akamaihd.net/hprofile-ak-xfa1/v/t1.0-1/c0.0.200.200/p200x200/10362366_423517101148294_7743918823114838569_n.jpg?oh=e636f84c9818b06119215dc767def0cd&oe=559F334D&__gda__=1437158053_3ce0f8f412bb6a3c4d1bfbfb97028068";"2015-04-16"
1538401599758196;"Grzegorz Braun";22;"https://fbcdn-profile-a.akamaihd.net/static-ak/rsrc.php/v2/y9/r/zesEb_o5oyL.png";"2015-04-16"
368902689980960;"Grzegorz Braun";178;"https://fbcdn-profile-a.akamaihd.net/hprofile-ak-xfa1/v/t1.0-1/p200x200/11018622_368905606647335_2959445269122440656_n.jpg?oh=41669e015459a38ca6b38547e7599140&oe=55D9B20C&__gda__=1440540293_5280a5fb9834883e45087fc2aca5a936";"2015-04-17"
973776299316688;"Grzegorz Braun na prezydenta";2748;"https://fbcdn-profile-a.akamaihd.net/hprofile-ak-xpf1/v/t1.0-1/p200x200/10934033_996055770422074_1863494928900683888_n.jpg?oh=5cba6bed9c2d946058ce67bbf57f7fa0&oe=55A4E289&__gda__=1436186223_fddfeebd60613929bc72f3486319dd46";"2015-04-17"
423516244481713;"Grzegorz Braun";43;"https://fbcdn-profile-a.akamaihd.net/hprofile-ak-xfa1/v/t1.0-1/c0.0.200.200/p200x200/10362366_423517101148294_7743918823114838569_n.jpg?oh=e636f84c9818b06119215dc767def0cd&oe=559F334D&__gda__=1437158053_3ce0f8f412bb6a3c4d1bfbfb97028068";"2015-04-17"
1538401599758196;"Grzegorz Braun";23;"https://fbcdn-profile-a.akamaihd.net/static-ak/rsrc.php/v2/y9/r/zesEb_o5oyL.png";"2015-04-17"
368902689980960;"Grzegorz Braun";213;"https://fbcdn-profile-a.akamaihd.net/hprofile-ak-xfa1/v/t1.0-1/p200x200/11018622_368905606647335_2959445269122440656_n.jpg?oh=41669e015459a38ca6b38547e7599140&oe=55D9B20C&__gda__=1440540293_5280a5fb9834883e45087fc2aca5a936";"2015-04-23"
973776299316688;"Grzegorz Braun na prezydenta";2882;"https://fbcdn-profile-a.akamaihd.net/hprofile-ak-xpf1/v/t1.0-1/p200x200/10934033_996055770422074_1863494928900683888_n.jpg?oh=5cba6bed9c2d946058ce67bbf57f7fa0&oe=55A4E289&__gda__=1436186223_fddfeebd60613929bc72f3486319dd46";"2015-04-23"
423516244481713;"Grzegorz Braun";52;"https://fbcdn-profile-a.akamaihd.net/hprofile-ak-xfa1/v/t1.0-1/c0.0.200.200/p200x200/10362366_423517101148294_7743918823114838569_n.jpg?oh=e636f84c9818b06119215dc767def0cd&oe=559F334D&__gda__=1439750053_05b4302f4de3b8858217cc977ff8c643";"2015-04-23"
1538401599758196;"Grzegorz Braun";25;"https://fbcdn-profile-a.akamaihd.net/static-ak/rsrc.php/v2/y9/r/zesEb_o5oyL.png";"2015-04-23"
368902689980960;"Grzegorz Braun";225;"https://fbcdn-profile-a.akamaihd.net/hprofile-ak-xfa1/v/t1.0-1/p200x200/11018622_368905606647335_2959445269122440656_n.jpg?oh=41669e015459a38ca6b38547e7599140&oe=55D9B20C&__gda__=1440540293_5280a5fb9834883e45087fc2aca5a936";"2015-04-24"
973776299316688;"Grzegorz Braun na prezydenta";2895;"https://fbcdn-profile-a.akamaihd.net/hprofile-ak-xpf1/v/t1.0-1/p200x200/10934033_996055770422074_1863494928900683888_n.jpg?oh=10f1585406261a82de351b406ade8b0f&oe=55CC6F89&__gda__=1436186223_0e114ef5e39b40cd2dfc37ae03589c25";"2015-04-24"
423516244481713;"Grzegorz Braun";52;"https://fbcdn-profile-a.akamaihd.net/hprofile-ak-xfa1/v/t1.0-1/c0.0.200.200/p200x200/10362366_423517101148294_7743918823114838569_n.jpg?oh=e636f84c9818b06119215dc767def0cd&oe=559F334D&__gda__=1439750053_05b4302f4de3b8858217cc977ff8c643";"2015-04-24"
1538401599758196;"Grzegorz Braun";25;"https://fbcdn-profile-a.akamaihd.net/static-ak/rsrc.php/v2/y9/r/zesEb_o5oyL.png";"2015-04-24"
368902689980960;"Grzegorz Braun";237;"https://fbcdn-profile-a.akamaihd.net/hprofile-ak-xfa1/v/t1.0-1/p200x200/11018622_368905606647335_2959445269122440656_n.jpg?oh=41669e015459a38ca6b38547e7599140&oe=55D9B20C&__gda__=1440540293_5280a5fb9834883e45087fc2aca5a936";"2015-04-25"
973776299316688;"Grzegorz Braun na prezydenta";2910;"https://fbcdn-profile-a.akamaihd.net/hprofile-ak-xpf1/v/t1.0-1/p200x200/10934033_996055770422074_1863494928900683888_n.jpg?oh=10f1585406261a82de351b406ade8b0f&oe=55CC6F89&__gda__=1436186223_0e114ef5e39b40cd2dfc37ae03589c25";"2015-04-25"
423516244481713;"Grzegorz Braun";52;"https://fbcdn-profile-a.akamaihd.net/hprofile-ak-xfa1/v/t1.0-1/c0.0.200.200/p200x200/10362366_423517101148294_7743918823114838569_n.jpg?oh=e636f84c9818b06119215dc767def0cd&oe=559F334D&__gda__=1439750053_05b4302f4de3b8858217cc977ff8c643";"2015-04-25"
1538401599758196;"Grzegorz Braun";25;"https://fbcdn-profile-a.akamaihd.net/static-ak/rsrc.php/v2/y9/r/zesEb_o5oyL.png";"2015-04-25"
368902689980960;"Grzegorz Braun";274;"https://fbcdn-profile-a.akamaihd.net/hprofile-ak-xfa1/v/t1.0-1/p200x200/11018622_368905606647335_2959445269122440656_n.jpg?oh=41669e015459a38ca6b38547e7599140&oe=55D9B20C&__gda__=1440540293_5280a5fb9834883e45087fc2aca5a936";"2015-04-26"
973776299316688;"Grzegorz Braun na prezydenta";2940;"https://fbcdn-profile-a.akamaihd.net/hprofile-ak-xpf1/v/t1.0-1/p200x200/10934033_996055770422074_1863494928900683888_n.jpg?oh=10f1585406261a82de351b406ade8b0f&oe=55CC6F89&__gda__=1436186223_0e114ef5e39b40cd2dfc37ae03589c25";"2015-04-26"
423516244481713;"Grzegorz Braun";51;"https://fbcdn-profile-a.akamaihd.net/hprofile-ak-xfa1/v/t1.0-1/c0.0.200.200/p200x200/10362366_423517101148294_7743918823114838569_n.jpg?oh=e636f84c9818b06119215dc767def0cd&oe=559F334D&__gda__=1439750053_05b4302f4de3b8858217cc977ff8c643";"2015-04-26"
1538401599758196;"Grzegorz Braun";25;"https://fbcdn-profile-a.akamaihd.net/static-ak/rsrc.php/v2/y9/r/zesEb_o5oyL.png";"2015-04-26"
368902689980960;"Grzegorz Braun";321;"https://fbcdn-profile-a.akamaihd.net/hprofile-ak-xfa1/v/t1.0-1/p200x200/11018622_368905606647335_2959445269122440656_n.jpg?oh=41669e015459a38ca6b38547e7599140&oe=55D9B20C&__gda__=1440540293_5280a5fb9834883e45087fc2aca5a936";"2015-04-27"
973776299316688;"Grzegorz Braun na prezydenta";2997;"https://fbcdn-profile-a.akamaihd.net/hprofile-ak-xpf1/v/t1.0-1/p200x200/10934033_996055770422074_1863494928900683888_n.jpg?oh=10f1585406261a82de351b406ade8b0f&oe=55CC6F89&__gda__=1436186223_0e114ef5e39b40cd2dfc37ae03589c25";"2015-04-27"
423516244481713;"Grzegorz Braun";53;"https://fbcdn-profile-a.akamaihd.net/hprofile-ak-xfa1/v/t1.0-1/c0.0.200.200/p200x200/10362366_423517101148294_7743918823114838569_n.jpg?oh=e636f84c9818b06119215dc767def0cd&oe=559F334D&__gda__=1439750053_05b4302f4de3b8858217cc977ff8c643";"2015-04-27"
1538401599758196;"Grzegorz Braun";26;"https://fbcdn-profile-a.akamaihd.net/static-ak/rsrc.php/v2/y9/r/zesEb_o5oyL.png";"2015-04-27"
368902689980960;"Grzegorz Braun";417;"https://fbcdn-profile-a.akamaihd.net/hprofile-ak-xfa1/v/t1.0-1/p200x200/11018622_368905606647335_2959445269122440656_n.jpg?oh=41669e015459a38ca6b38547e7599140&oe=55D9B20C&__gda__=1440540293_5280a5fb9834883e45087fc2aca5a936";"2015-04-28"
973776299316688;"Grzegorz Braun na prezydenta";3120;"https://fbcdn-profile-a.akamaihd.net/hprofile-ak-xpf1/v/t1.0-1/p200x200/10934033_996055770422074_1863494928900683888_n.jpg?oh=10f1585406261a82de351b406ade8b0f&oe=55CC6F89&__gda__=1436186223_0e114ef5e39b40cd2dfc37ae03589c25";"2015-04-28"
423516244481713;"Grzegorz Braun";57;"https://fbcdn-profile-a.akamaihd.net/hprofile-ak-xfa1/v/t1.0-1/c0.0.200.200/p200x200/10362366_423517101148294_7743918823114838569_n.jpg?oh=e636f84c9818b06119215dc767def0cd&oe=559F334D&__gda__=1439750053_05b4302f4de3b8858217cc977ff8c643";"2015-04-28"
1538401599758196;"Grzegorz Braun";26;"https://fbcdn-profile-a.akamaihd.net/static-ak/rsrc.php/v2/y9/r/zesEb_o5oyL.png";"2015-04-28"
368902689980960;"Grzegorz Braun";529;"https://fbcdn-profile-a.akamaihd.net/hprofile-ak-xfa1/v/t1.0-1/p200x200/11018622_368905606647335_2959445269122440656_n.jpg?oh=41669e015459a38ca6b38547e7599140&oe=55D9B20C&__gda__=1440540293_5280a5fb9834883e45087fc2aca5a936";"2015-04-29"
973776299316688;"Grzegorz Braun na prezydenta";3202;"https://fbcdn-profile-a.akamaihd.net/hprofile-ak-xft1/v/t1.0-1/p200x200/10934033_996055770422074_1863494928900683888_n.jpg?oh=10f1585406261a82de351b406ade8b0f&oe=55CC6F89&__gda__=1440600512_65df14c339a50fe81e44b5cdb62c0cec";"2015-04-29"
423516244481713;"Grzegorz Braun";59;"https://fbcdn-profile-a.akamaihd.net/hprofile-ak-xfa1/v/t1.0-1/c0.0.200.200/p200x200/10362366_423517101148294_7743918823114838569_n.jpg?oh=9d72f08cb3c63cc00b2c90eba892f2a5&oe=55C6C04D&__gda__=1439750053_9f892a4334c9a410dfa20ff0fbfb4da7";"2015-04-29"
1538401599758196;"Grzegorz Braun";27;"https://fbcdn-profile-a.akamaihd.net/static-ak/rsrc.php/v2/y9/r/zesEb_o5oyL.png";"2015-04-29"
368902689980960;"Grzegorz Braun";637;"https://fbcdn-profile-a.akamaihd.net/hprofile-ak-xfa1/v/t1.0-1/p200x200/11018622_368905606647335_2959445269122440656_n.jpg?oh=41669e015459a38ca6b38547e7599140&oe=55D9B20C&__gda__=1440540293_5280a5fb9834883e45087fc2aca5a936";"2015-05-02"
973776299316688;"Grzegorz Braun na prezydenta";3347;"https://fbcdn-profile-a.akamaihd.net/hprofile-ak-xpf1/v/t1.0-1/p200x200/10934033_996055770422074_1863494928900683888_n.jpg?oh=10f1585406261a82de351b406ade8b0f&oe=55CC6F89&__gda__=1438778223_00b471fe99b358630f01dc8aab37119b";"2015-05-02"
423516244481713;"Grzegorz Braun";65;"https://fbcdn-profile-a.akamaihd.net/hprofile-ak-xfa1/v/t1.0-1/c0.0.200.200/p200x200/10362366_423517101148294_7743918823114838569_n.jpg?oh=9d72f08cb3c63cc00b2c90eba892f2a5&oe=55C6C04D&__gda__=1439750053_9f892a4334c9a410dfa20ff0fbfb4da7";"2015-05-02"
1538401599758196;"Grzegorz Braun";28;"https://fbcdn-profile-a.akamaihd.net/static-ak/rsrc.php/v2/y9/r/zesEb_o5oyL.png";"2015-05-02"
368902689980960;"Grzegorz Braun";659;"https://fbcdn-profile-a.akamaihd.net/hprofile-ak-xfa1/v/t1.0-1/p200x200/11018622_368905606647335_2959445269122440656_n.jpg?oh=41669e015459a38ca6b38547e7599140&oe=55D9B20C&__gda__=1440540293_5280a5fb9834883e45087fc2aca5a936";"2015-05-03"
973776299316688;"Grzegorz Braun na prezydenta";3393;"https://fbcdn-profile-a.akamaihd.net/hprofile-ak-xpf1/v/t1.0-1/p200x200/10934033_996055770422074_1863494928900683888_n.jpg?oh=10f1585406261a82de351b406ade8b0f&oe=55CC6F89&__gda__=1438778223_00b471fe99b358630f01dc8aab37119b";"2015-05-03"
423516244481713;"Grzegorz Braun";69;"https://fbcdn-profile-a.akamaihd.net/hprofile-ak-xfa1/v/t1.0-1/c0.0.200.200/p200x200/10362366_423517101148294_7743918823114838569_n.jpg?oh=9d72f08cb3c63cc00b2c90eba892f2a5&oe=55C6C04D&__gda__=1439750053_9f892a4334c9a410dfa20ff0fbfb4da7";"2015-05-03"
1538401599758196;"Grzegorz Braun";29;"https://fbcdn-profile-a.akamaihd.net/static-ak/rsrc.php/v2/y9/r/zesEb_o5oyL.png";"2015-05-03"
368902689980960;"Grzegorz Braun";690;"https://fbcdn-profile-a.akamaihd.net/hprofile-ak-xfa1/v/t1.0-1/p200x200/11018622_368905606647335_2959445269122440656_n.jpg?oh=41669e015459a38ca6b38547e7599140&oe=55D9B20C&__gda__=1440540293_5280a5fb9834883e45087fc2aca5a936";"2015-05-04"
973776299316688;"Grzegorz Braun na prezydenta";3441;"https://fbcdn-profile-a.akamaihd.net/hprofile-ak-xpf1/v/t1.0-1/p200x200/10934033_996055770422074_1863494928900683888_n.jpg?oh=10f1585406261a82de351b406ade8b0f&oe=55CC6F89&__gda__=1438778223_00b471fe99b358630f01dc8aab37119b";"2015-05-04"
423516244481713;"Grzegorz Braun";71;"https://fbcdn-profile-a.akamaihd.net/hprofile-ak-xfa1/v/t1.0-1/c0.0.200.200/p200x200/10362366_423517101148294_7743918823114838569_n.jpg?oh=9d72f08cb3c63cc00b2c90eba892f2a5&oe=55C6C04D&__gda__=1439750053_9f892a4334c9a410dfa20ff0fbfb4da7";"2015-05-04"
1538401599758196;"Grzegorz Braun";29;"https://fbcdn-profile-a.akamaihd.net/static-ak/rsrc.php/v2/y9/r/zesEb_o5oyL.png";"2015-05-04"
368902689980960;"Grzegorz Braun";706;"https://fbcdn-profile-a.akamaihd.net/hprofile-ak-xfa1/v/t1.0-1/p200x200/11018622_368905606647335_2959445269122440656_n.jpg?oh=41669e015459a38ca6b38547e7599140&oe=55D9B20C&__gda__=1440540293_5280a5fb9834883e45087fc2aca5a936";"2015-05-05"
973776299316688;"Grzegorz Braun na prezydenta";3495;"https://fbcdn-profile-a.akamaihd.net/hprofile-ak-xpf1/v/t1.0-1/p200x200/10934033_996055770422074_1863494928900683888_n.jpg?oh=10f1585406261a82de351b406ade8b0f&oe=55CC6F89&__gda__=1438778223_00b471fe99b358630f01dc8aab37119b";"2015-05-05"
423516244481713;"Grzegorz Braun";71;"https://fbcdn-profile-a.akamaihd.net/hprofile-ak-xfa1/v/t1.0-1/c0.0.200.200/p200x200/10362366_423517101148294_7743918823114838569_n.jpg?oh=9d72f08cb3c63cc00b2c90eba892f2a5&oe=55C6C04D&__gda__=1439750053_9f892a4334c9a410dfa20ff0fbfb4da7";"2015-05-05"
1538401599758196;"Grzegorz Braun";29;"https://fbcdn-profile-a.akamaihd.net/static-ak/rsrc.php/v2/y9/r/zesEb_o5oyL.png";"2015-05-05"
368902689980960;"Grzegorz Braun";737;"https://fbcdn-profile-a.akamaihd.net/hprofile-ak-xfa1/v/t1.0-1/p200x200/11018622_368905606647335_2959445269122440656_n.jpg?oh=41669e015459a38ca6b38547e7599140&oe=55D9B20C&__gda__=1440540293_5280a5fb9834883e45087fc2aca5a936";"2015-05-06"
973776299316688;"Grzegorz Braun na prezydenta";3568;"https://fbcdn-profile-a.akamaihd.net/hprofile-ak-xpf1/v/t1.0-1/p200x200/10934033_996055770422074_1863494928900683888_n.jpg?oh=10f1585406261a82de351b406ade8b0f&oe=55CC6F89&__gda__=1438778223_00b471fe99b358630f01dc8aab37119b";"2015-05-06"
423516244481713;"Grzegorz Braun";77;"https://fbcdn-profile-a.akamaihd.net/hprofile-ak-xfa1/v/t1.0-1/c0.0.200.200/p200x200/10362366_423517101148294_7743918823114838569_n.jpg?oh=9d72f08cb3c63cc00b2c90eba892f2a5&oe=55C6C04D&__gda__=1439750053_9f892a4334c9a410dfa20ff0fbfb4da7";"2015-05-06"
1538401599758196;"Grzegorz Braun";29;"https://fbcdn-profile-a.akamaihd.net/static-ak/rsrc.php/v2/y9/r/zesEb_o5oyL.png";"2015-05-06"
368902689980960;"Grzegorz Braun";752;"https://fbcdn-profile-a.akamaihd.net/hprofile-ak-xfa1/v/t1.0-1/p200x200/11018622_368905606647335_2959445269122440656_n.jpg?oh=41669e015459a38ca6b38547e7599140&oe=55D9B20C&__gda__=1440540293_5280a5fb9834883e45087fc2aca5a936";"2015-05-07"
973776299316688;"Grzegorz Braun na prezydenta";3601;"https://fbcdn-profile-a.akamaihd.net/hprofile-ak-xpf1/v/t1.0-1/p200x200/10934033_996055770422074_1863494928900683888_n.jpg?oh=10f1585406261a82de351b406ade8b0f&oe=55CC6F89&__gda__=1438778223_00b471fe99b358630f01dc8aab37119b";"2015-05-07"
423516244481713;"Grzegorz Braun";82;"https://fbcdn-profile-a.akamaihd.net/hprofile-ak-xfa1/v/t1.0-1/c0.0.200.200/p200x200/10362366_423517101148294_7743918823114838569_n.jpg?oh=9d72f08cb3c63cc00b2c90eba892f2a5&oe=55C6C04D&__gda__=1439750053_9f892a4334c9a410dfa20ff0fbfb4da7";"2015-05-07"
1538401599758196;"Grzegorz Braun";29;"https://fbcdn-profile-a.akamaihd.net/static-ak/rsrc.php/v2/y9/r/zesEb_o5oyL.png";"2015-05-07"
368902689980960;"Grzegorz Braun";760;"https://fbcdn-profile-a.akamaihd.net/hprofile-ak-xfa1/v/t1.0-1/p200x200/11018622_368905606647335_2959445269122440656_n.jpg?oh=41669e015459a38ca6b38547e7599140&oe=55D9B20C&__gda__=1440540293_5280a5fb9834883e45087fc2aca5a936";"2015-05-08"
973776299316688;"Grzegorz Braun na prezydenta";3649;"https://fbcdn-profile-a.akamaihd.net/hprofile-ak-xpf1/v/t1.0-1/p200x200/10934033_996055770422074_1863494928900683888_n.jpg?oh=10f1585406261a82de351b406ade8b0f&oe=55CC6F89&__gda__=1438778223_00b471fe99b358630f01dc8aab37119b";"2015-05-08"
423516244481713;"Grzegorz Braun";84;"https://fbcdn-profile-a.akamaihd.net/hprofile-ak-xfa1/v/t1.0-1/c0.0.200.200/p200x200/10362366_423517101148294_7743918823114838569_n.jpg?oh=9d72f08cb3c63cc00b2c90eba892f2a5&oe=55C6C04D&__gda__=1439750053_9f892a4334c9a410dfa20ff0fbfb4da7";"2015-05-08"
1538401599758196;"Grzegorz Braun";29;"https://fbcdn-profile-a.akamaihd.net/static-ak/rsrc.php/v2/y9/r/zesEb_o5oyL.png";"2015-05-08"
368902689980960;"Grzegorz Braun";777;"https://fbcdn-profile-a.akamaihd.net/hprofile-ak-xfa1/v/t1.0-1/p200x200/11018622_368905606647335_2959445269122440656_n.jpg?oh=41669e015459a38ca6b38547e7599140&oe=55D9B20C&__gda__=1440540293_5280a5fb9834883e45087fc2aca5a936";"2015-05-09"
973776299316688;"Grzegorz Braun na prezydenta";3711;"https://fbcdn-profile-a.akamaihd.net/hprofile-ak-xpf1/v/t1.0-1/p200x200/10934033_996055770422074_1863494928900683888_n.jpg?oh=10f1585406261a82de351b406ade8b0f&oe=55CC6F89&__gda__=1438778223_00b471fe99b358630f01dc8aab37119b";"2015-05-09"
423516244481713;"Grzegorz Braun";86;"https://fbcdn-profile-a.akamaihd.net/hprofile-ak-xfa1/v/t1.0-1/c0.0.200.200/p200x200/10362366_423517101148294_7743918823114838569_n.jpg?oh=9d72f08cb3c63cc00b2c90eba892f2a5&oe=55C6C04D&__gda__=1439750053_9f892a4334c9a410dfa20ff0fbfb4da7";"2015-05-09"
1538401599758196;"Grzegorz Braun";29;"https://fbcdn-profile-a.akamaihd.net/static-ak/rsrc.php/v2/y9/r/zesEb_o5oyL.png";"2015-05-09"
"368902689980960";"Grzegorz Braun";"784";"https://fbcdn-profile-a.akamaihd.net/hprofile-ak-xfa1/v/t1.0-1/p200x200/11018622_368905606647335_2959445269122440656_n.jpg?oh=41669e015459a38ca6b38547e7599140&oe=55D9B20C&__gda__=1440540293_5280a5fb9834883e45087fc2aca5a936";"2015-05-10"
"973776299316688";"Grzegorz Braun na prezydenta";"3733";"https://fbcdn-profile-a.akamaihd.net/hprofile-ak-xpf1/v/t1.0-1/p200x200/10934033_996055770422074_1863494928900683888_n.jpg?oh=10f1585406261a82de351b406ade8b0f&oe=55CC6F89&__gda__=1438778223_00b471fe99b358630f01dc8aab37119b";"2015-05-10"
"423516244481713";"Grzegorz Braun";"90";"https://fbcdn-profile-a.akamaihd.net/hprofile-ak-xfa1/v/t1.0-1/c0.0.200.200/p200x200/10362366_423517101148294_7743918823114838569_n.jpg?oh=9d72f08cb3c63cc00b2c90eba892f2a5&oe=55C6C04D&__gda__=1439750053_9f892a4334c9a410dfa20ff0fbfb4da7";"2015-05-10"
"1538401599758196";"Grzegorz Braun";"29";"https://fbcdn-profile-a.akamaihd.net/static-ak/rsrc.php/v2/y9/r/zesEb_o5oyL.png";"2015-05-10"
