"lastname";"mean_retweet";"sum_retweet";"mean_like";"sum_like";"how_many_tweets";"date"
korwinmikke;0.666666666666667;2;1;3;3;2014-01-25
korwinmikke;0;0;0.5;2;4;2014-01-26
korwinmikke;0.333333333333333;2;0.833333333333333;5;6;2014-01-27
korwinmikke;0;0;0;0;1;2014-01-28
korwinmikke;0.25;2;0.5;4;8;2014-01-29
korwinmikke;1;4;0.75;3;4;2014-01-30
korwinmikke;0.5;1;1;2;2;2014-01-31
korwinmikke;0;0;1.33333333333333;4;3;2014-02-01
korwinmikke;0.5;1;0;0;2;2014-02-02
korwinmikke;0;0;0.5;2;4;2014-02-03
korwinmikke;0;0;1;2;2;2014-02-04
korwinmikke;1;1;1;1;1;2014-02-05
korwinmikke;1;3;1.66666666666667;5;3;2014-02-06
korwinmikke;0.333333333333333;1;0.333333333333333;1;3;2014-02-07
korwinmikke;0;0;1;1;1;2014-02-08
korwinmikke;2;4;2.5;5;2;2014-02-09
korwinmikke;0.333333333333333;1;1;3;3;2014-02-10
korwinmikke;0.5;1;0;0;2;2014-02-11
korwinmikke;0.5;2;0.75;3;4;2014-02-12
korwinmikke;1.4;7;0.8;4;5;2014-02-13
korwinmikke;2;6;1.33333333333333;4;3;2014-02-14
korwinmikke;2.14285714285714;15;2.14285714285714;15;7;2014-02-15
korwinmikke;1.33333333333333;4;1.33333333333333;4;3;2014-02-16
korwinmikke;2.33333333333333;7;1;3;3;2014-02-17
korwinmikke;2;2;2;2;1;2014-02-18
korwinmikke;2.2;11;1.4;7;5;2014-02-19
korwinmikke;3;12;2.25;9;4;2014-02-20
korwinmikke;3;3;3;3;1;2014-02-21
korwinmikke;3.33333333333333;10;3;9;3;2014-02-22
korwinmikke;2.25;9;5.5;22;4;2014-02-23
korwinmikke;16;16;36;36;1;2014-02-24
korwinmikke;9;18;23;46;2;2014-02-25
JkmMikke;1;2;2.5;5;2;2014-11-03
JkmMikke;1;3;2;6;3;2014-11-05
JkmMikke;5;5;13;13;1;2014-11-13
JkmMikke;1;1;1;1;1;2014-11-18
JkmMikke;1;3;0;0;3;2014-11-29
JkmMikke;1;1;0;0;1;2014-11-30
JkmMikke;1;2;1;2;2;2014-12-02
JkmMikke;1;1;1;1;1;2014-12-05
JkmMikke;2.5;5;6;12;2;2014-12-07
JkmMikke;2;2;12;12;1;2014-12-10
JkmMikke;5.5;11;19.5;39;2;2014-12-13
ogorekmagda;0;0;0;0;1;2014-12-15
ogorekmagda;0;0;1.5;3;2;2014-12-17
ogorekmagda;0.25;1;1.5;6;4;2014-12-18
ogorekmagda;0;0;0;0;1;2014-12-20
ogorekmagda;2;4;7;14;2;2014-12-21
JkmMikke;6;6;33;33;1;2014-12-27
ogorekmagda;0;0;2.5;5;2;2014-12-27
JkmMikke;15;15;32;32;1;2014-12-29
ogorekmagda;0;0;2;10;5;2014-12-31
JkmMikke;4.5;18;16.5;66;4;2015-01-04
ogorekmagda;2.6;13;9.8;49;5;2015-01-04
JkmMikke;8;16;20.5;41;2;2015-01-05
JkmMikke;2;2;10;10;1;2015-01-06
JkmMikke;19;38;59;118;2;2015-01-11
JkmMikke;22;22;40;40;1;2015-01-12
JkmMikke;25;25;85;85;1;2015-01-13
ogorekmagda;27;27;71;71;1;2015-01-13
ogorekmagda;35;35;71;71;1;2015-01-14
ogorekmagda;16;16;54;54;1;2015-01-16
JkmMikke;12;12;53;53;1;2015-01-17
ogorekmagda;20;20;33;33;1;2015-01-18
ogorekmagda;9.5;19;14;28;2;2015-01-19
AnnaGrodzka;0;0;9;9;1;2015-01-21
ogorekmagda;10;10;16;16;1;2015-01-21
AnnaGrodzka;1;1;2;2;1;2015-01-22
AnnaGrodzka;1;1;2;2;1;2015-01-23
ogorekmagda;6;6;28;28;1;2015-01-24
AnnaGrodzka;3;3;8;8;1;2015-01-26
JkmMikke;5.5;11;37;74;2;2015-01-26
ogorekmagda;10;10;27;27;1;2015-01-26
JkmMikke;2;2;10;10;1;2015-01-28
M_Kowalski1;8.66666666666667;26;10.6666666666667;32;3;2015-01-28
ogorekmagda;9;9;22;22;1;2015-01-29
AnnaGrodzka;4;4;5;5;1;2015-01-30
JkmMikke;7;7;33;33;1;2015-01-30
M_Kowalski1;2;2;3;3;1;2015-01-30
AnnaGrodzka;9;9;12;12;1;2015-02-01
AnnaGrodzka;1;1;13;13;1;2015-02-02
JkmMikke;5;5;11;11;1;2015-02-02
ogorekmagda;7;7;8;8;1;2015-02-02
JkmMikke;8;16;33;66;2;2015-02-03
ogorekmagda;10;10;26;26;1;2015-02-03
JkmMikke;5;5;18;18;1;2015-02-04
ogorekmagda;25;25;32;32;1;2015-02-04
M_Kowalski1;3;3;4;4;1;2015-02-05
AnnaGrodzka;2;4;16.5;33;2;2015-02-06
JarubasAdam;1.57142857142857;11;5.14285714285714;36;7;2015-02-07
M_Kowalski1;6;6;4;4;1;2015-02-07
JarubasAdam;3;12;6.5;26;4;2015-02-08
M_Kowalski1;5;5;5;5;1;2015-02-08
AnnaGrodzka;1;1;2;2;1;2015-02-09
JarubasAdam;1;2;4;8;2;2015-02-09
M_Kowalski1;20;40;11;22;2;2015-02-09
ogorekmagda;34;34;69;69;1;2015-02-09
JarubasAdam;1;1;2;2;1;2015-02-10
M_Kowalski1;7.5;15;5.5;11;2;2015-02-10
AnnaGrodzka;4.33333333333333;13;7.33333333333333;22;3;2015-02-11
JarubasAdam;0;0;2;4;2;2015-02-11
M_Kowalski1;5;10;4.5;9;2;2015-02-11
JkmMikke;3;3;9;9;1;2015-02-12
AndrzejDuda;24.2857142857143;170;39;273;7;2015-02-13
AnnaGrodzka;7.33333333333333;22;17;51;3;2015-02-13
JarubasAdam;3.5;7;6.5;13;2;2015-02-13
M_Kowalski1;5.5;11;2;4;2;2015-02-13
AndrzejDuda;1;1;9;9;1;2015-02-14
JarubasAdam;5;20;9;36;4;2015-02-14
JkmMikke;10;10;25;25;1;2015-02-14
M_Kowalski1;6;18;8;24;3;2015-02-14
ogorekmagda;22;22;59;59;1;2015-02-14
AnnaGrodzka;1;1;8;8;1;2015-02-15
JarubasAdam;5;5;6;6;1;2015-02-15
JkmMikke;10;10;25;25;1;2015-02-15
M_Kowalski1;9;9;6;6;1;2015-02-15
ogorekmagda;10.6666666666667;32;26;78;3;2015-02-15
AndrzejDuda;0;0;4;4;1;2015-02-16
AnnaGrodzka;0;0;2;2;1;2015-02-16
JarubasAdam;5.66666666666667;17;12.6666666666667;38;3;2015-02-16
JkmMikke;16;16;29;29;1;2015-02-16
M_Kowalski1;11;22;16.5;33;2;2015-02-16
ogorekmagda;10;10;30;30;1;2015-02-16
AndrzejDuda;3.25;13;9.5;38;4;2015-02-17
JarubasAdam;3.8;19;4.8;24;5;2015-02-17
M_Kowalski1;4;4;8;8;1;2015-02-17
AndrzejDuda;31;62;39;78;2;2015-02-18
AnnaGrodzka;2;4;12.5;25;2;2015-02-18
M_Kowalski1;3.5;7;6.5;13;2;2015-02-18
AndrzejDuda;3.66666666666667;11;15.3333333333333;46;3;2015-02-19
JarubasAdam;3;9;4;12;3;2015-02-19
M_Kowalski1;3;6;4;8;2;2015-02-19
ogorekmagda;17;17;35;35;1;2015-02-19
AndrzejDuda;87;87;185;185;1;2015-02-20
AnnaGrodzka;4;4;11;11;1;2015-02-20
M_Kowalski1;4.66666666666667;14;6.33333333333333;19;3;2015-02-20
ogorekmagda;51.5;103;100.5;201;2;2015-02-20
AndrzejDuda;69.75;279;110;440;4;2015-02-21
AnnaGrodzka;4;4;5;5;1;2015-02-21
JarubasAdam;4;4;7;7;1;2015-02-21
M_Kowalski1;1;1;5;5;1;2015-02-21
ogorekmagda;8;32;24.5;98;4;2015-02-21
JarubasAdam;2.5;15;4.16666666666667;25;6;2015-02-22
M_Kowalski1;6;6;8;8;1;2015-02-22
AndrzejDuda;172;172;381;381;1;2015-02-23
JarubasAdam;8;8;15;15;1;2015-02-23
M_Kowalski1;4.5;9;5.5;11;2;2015-02-23
ogorekmagda;15;75;35.8;179;5;2015-02-23
M_Kowalski1;5;5;5;5;1;2015-02-24
ogorekmagda;10;10;24;24;1;2015-02-24
WandaNowicka;0.5;1;1.5;3;2;2015-02-24
AnnaGrodzka;0;0;16;16;1;2015-02-25
JarubasAdam;0;0;2;2;1;2015-02-25
M_Kowalski1;2;4;4.5;9;2;2015-02-25
WandaNowicka;2.42857142857143;17;1.85714285714286;13;7;2015-02-25
JarubasAdam;3.5;7;5;10;2;2015-02-26
M_Kowalski1;3;3;3;3;1;2015-02-26
ogorekmagda;10;10;21;21;1;2015-02-26
WandaNowicka;0.333333333333333;2;0.5;3;6;2015-02-26
AnnaGrodzka;5;5;15;15;1;2015-02-27
JarubasAdam;2;4;2;4;2;2015-02-27
M_Kowalski1;4;8;4;8;2;2015-02-27
WandaNowicka;0;0;0;0;2;2015-02-27
AndrzejDuda;8.66666666666667;26;45.6666666666667;137;3;2015-02-28
AnnaGrodzka;0;0;6;6;1;2015-02-28
JarubasAdam;29;29;38;38;1;2015-02-28
ogorekmagda;22;22;43;43;1;2015-02-28
WandaNowicka;0.142857142857143;1;1;7;7;2015-02-28
AndrzejDuda;24.8181818181818;273;47.0909090909091;518;11;2015-03-01
JarubasAdam;8;8;6;6;1;2015-03-01
JkmMikke;1;1;4;4;1;2015-03-01
M_Kowalski1;3;12;5.25;21;4;2015-03-01
ogorekmagda;7.33333333333333;22;21.6666666666667;65;3;2015-03-01
WandaNowicka;0;0;1;1;1;2015-03-01
AnnaGrodzka;4;4;11;11;1;2015-03-02
JarubasAdam;6;6;8;8;1;2015-03-02
M_Kowalski1;1.66666666666667;5;3.33333333333333;10;3;2015-03-02
ogorekmagda;9.5;38;23.75;95;4;2015-03-02
WandaNowicka;0.285714285714286;2;2.28571428571429;16;7;2015-03-02
AndrzejDuda;0;0;0;0;1;2015-03-03
JarubasAdam;1;1;0;0;1;2015-03-03
M_Kowalski1;2.25;9;4;16;4;2015-03-03
WandaNowicka;0;0;0;0;1;2015-03-03
AndrzejDuda;14.875;119;27;216;8;2015-03-04
AnnaGrodzka;2.33333333333333;7;3;9;3;2015-03-04
JarubasAdam;3.2;16;3.8;19;5;2015-03-04
M_Kowalski1;3;12;4.5;18;4;2015-03-04
WandaNowicka;0;0;0.5;2;4;2015-03-04
AnnaGrodzka;1.25;5;8.5;34;4;2015-03-05
JarubasAdam;2.5;5;3.5;7;2;2015-03-05
ogorekmagda;7;7;22;22;1;2015-03-05
WandaNowicka;1.57142857142857;11;5.14285714285714;36;7;2015-03-05
AndrzejDuda;2;2;6;6;1;2015-03-06
AnnaGrodzka;5;5;18;18;1;2015-03-06
JarubasAdam;4;8;2.5;5;2;2015-03-06
M_Kowalski1;1.5;3;2;4;2;2015-03-06
WandaNowicka;0.5;1;2;4;2;2015-03-06
AnnaGrodzka;0.5;1;5;10;2;2015-03-07
JarubasAdam;4.75;19;7.5;30;4;2015-03-07
JkmMikke;15;15;54;54;1;2015-03-07
Komorowski;6.58333333333333;79;11.8333333333333;142;12;2015-03-07
ogorekmagda;9.75;39;16;64;4;2015-03-07
WandaNowicka;1;1;3;3;1;2015-03-07
AndrzejDuda;19;38;44.5;89;2;2015-03-08
AnnaGrodzka;1.25;5;11.25;45;4;2015-03-08
JarubasAdam;0.5;2;2.5;10;4;2015-03-08
Komorowski;6.70588235294118;114;11.6470588235294;198;17;2015-03-08
M_Kowalski1;3;9;6.66666666666667;20;3;2015-03-08
ogorekmagda;5;5;18;18;1;2015-03-08
WandaNowicka;0.4;4;2.2;22;10;2015-03-08
AnnaGrodzka;2;4;8;16;2;2015-03-09
JarubasAdam;5;10;8;16;2;2015-03-09
Komorowski;2.5;15;7.5;45;6;2015-03-09
WandaNowicka;0.666666666666667;2;1.33333333333333;4;3;2015-03-09
AnnaGrodzka;1.33333333333333;4;5;15;3;2015-03-10
JkmMikke;30;30;72;72;1;2015-03-10
Komorowski;2.95238095238095;62;6;126;21;2015-03-10
WandaNowicka;0.666666666666667;2;1;3;3;2015-03-10
AndrzejDuda;15;15;32;32;1;2015-03-11
AnnaGrodzka;8.75;35;18.75;75;4;2015-03-11
JarubasAdam;3.2;16;3.8;19;5;2015-03-11
Komorowski;3.5;7;7;14;2;2015-03-11
M_Kowalski1;2.5;10;5.25;21;4;2015-03-11
ogorekmagda;10;20;18.5;37;2;2015-03-11
WandaNowicka;0.5;1;2;4;2;2015-03-11
JarubasAdam;2;4;4;8;2;2015-03-12
JkmMikke;3;3;54;54;1;2015-03-12
Komorowski;2;2;8;8;1;2015-03-12
ogorekmagda;10;20;27.5;55;2;2015-03-12
Palikot_Janusz;3;36;8.75;105;12;2015-03-12
WandaNowicka;0;0;1;1;1;2015-03-12
AnnaGrodzka;4.66666666666667;14;9;27;3;2015-03-13
Komorowski;5.75;23;11.25;45;4;2015-03-13
Palikot_Janusz;3.33333333333333;30;7.88888888888889;71;9;2015-03-13
PrezydentKukiz;3.14285714285714;66;4.52380952380952;95;21;2015-03-13
WandaNowicka;1.66666666666667;5;7.33333333333333;22;3;2015-03-13
AnnaGrodzka;1;2;10;20;2;2015-03-14
JarubasAdam;6;6;3;3;1;2015-03-14
Komorowski;12.5555555555556;226;21.0555555555556;379;18;2015-03-14
ogorekmagda;6.5;13;22.5;45;2;2015-03-14
Palikot_Janusz;2.33333333333333;7;28;84;3;2015-03-14
PrezydentKukiz;3.5;28;6.5;52;8;2015-03-14
WandaNowicka;1.66666666666667;5;10;30;3;2015-03-14
AndrzejDuda;23.6;118;58.6;293;5;2015-03-15
AnnaGrodzka;0.5;1;7;14;2;2015-03-15
JarubasAdam;1.5;3;2.5;5;2;2015-03-15
Komorowski;12.6153846153846;164;10.0769230769231;131;13;2015-03-15
M_Kowalski1;0.833333333333333;5;2;12;6;2015-03-15
Palikot_Janusz;4;8;26;52;2;2015-03-15
PrezydentKukiz;0.8;4;2;10;5;2015-03-15
JarubasAdam;0;0;1;1;1;2015-03-16
Komorowski;18;18;24;24;1;2015-03-16
M_Kowalski1;7;7;5;5;1;2015-03-16
ogorekmagda;14;14;22;22;1;2015-03-16
Palikot_Janusz;1.66666666666667;15;7.11111111111111;64;9;2015-03-16
PrezydentKukiz;5.03571428571429;141;14.3214285714286;401;28;2015-03-16
WandaNowicka;0.5;1;3;6;2;2015-03-16
AndrzejDuda;7.4;37;23.2;116;5;2015-03-17
AnnaGrodzka;1.66666666666667;5;3.33333333333333;10;3;2015-03-17
JarubasAdam;3.5;7;5;10;2;2015-03-17
ogorekmagda;6;6;12;12;1;2015-03-17
Palikot_Janusz;2;44;11.1818181818182;246;22;2015-03-17
PrezydentKukiz;5.09677419354839;158;10.0645161290323;312;31;2015-03-17
WandaNowicka;0.6;6;2.2;22;10;2015-03-17
AndrzejDuda;13;39;38.6666666666667;116;3;2015-03-18
JarubasAdam;11;11;4;4;1;2015-03-18
Komorowski;2.66666666666667;8;2.66666666666667;8;3;2015-03-18
ogorekmagda;11.75;47;17.75;71;4;2015-03-18
Palikot_Janusz;2.5;60;7.70833333333333;185;24;2015-03-18
PrezydentKukiz;8.33333333333333;25;18.3333333333333;55;3;2015-03-18
WandaNowicka;2;2;6;6;1;2015-03-18
AnnaGrodzka;2;2;4;4;1;2015-03-19
Komorowski;1;2;1.5;3;2;2015-03-19
M_Kowalski1;5.33333333333333;16;6;18;3;2015-03-19
ogorekmagda;8;8;10;10;1;2015-03-19
Palikot_Janusz;1;1;7;7;1;2015-03-19
PrezydentKukiz;6.91666666666667;166;14.3333333333333;344;24;2015-03-19
AndrzejDuda;21.6666666666667;195;24.7777777777778;223;9;2015-03-20
AnnaGrodzka;0;0;7;7;1;2015-03-20
JarubasAdam;1;2;2;4;2;2015-03-20
M_Kowalski1;2.5;5;4.5;9;2;2015-03-20
ogorekmagda;21;42;22.5;45;2;2015-03-20
Palikot_Janusz;0.375;3;6.5;52;8;2015-03-20
PrezydentKukiz;3.89655172413793;113;8.58620689655172;249;29;2015-03-20
AndrzejDuda;2.75;11;9.75;39;4;2015-03-21
AnnaGrodzka;0.75;3;4.25;17;4;2015-03-21
JarubasAdam;1;6;1.5;9;6;2015-03-21
Palikot_Janusz;6;12;10.5;21;2;2015-03-21
PrezydentKukiz;1.5;27;4.27777777777778;77;18;2015-03-21
AndrzejDuda;3.5;7;9.5;19;2;2015-03-22
AnnaGrodzka;1.33333333333333;4;4.33333333333333;13;3;2015-03-22
JarubasAdam;3.66666666666667;11;5.66666666666667;17;3;2015-03-22
ogorekmagda;8;16;15;30;2;2015-03-22
Palikot_Janusz;2.14285714285714;15;7.14285714285714;50;7;2015-03-22
PrezydentKukiz;4.14285714285714;58;6.07142857142857;85;14;2015-03-22
AndrzejDuda;5;15;15.3333333333333;46;3;2015-03-23
AnnaGrodzka;2;6;3;9;3;2015-03-23
Komorowski;5.94444444444444;107;8.05555555555556;145;18;2015-03-23
ogorekmagda;16;16;23;23;1;2015-03-23
Palikot_Janusz;0.916666666666667;22;5.625;135;24;2015-03-23
PrezydentKukiz;3.84210526315789;73;9.52631578947368;181;19;2015-03-23
AndrzejDuda;15.125;121;32.625;261;8;2015-03-24
JarubasAdam;1;3;2.33333333333333;7;3;2015-03-24
Komorowski;39.5;158;35.5;142;4;2015-03-24
M_Kowalski1;7;14;26;52;2;2015-03-24
Palikot_Janusz;1.23809523809524;26;6.33333333333333;133;21;2015-03-24
PrezydentKukiz;1.45833333333333;35;4.45833333333333;107;24;2015-03-24
AnnaGrodzka;2.33333333333333;7;3.66666666666667;11;3;2015-03-25
JarubasAdam;1;3;4.33333333333333;13;3;2015-03-25
Komorowski;4.875;39;9;72;8;2015-03-25
M_Kowalski1;1.66666666666667;5;2.33333333333333;7;3;2015-03-25
ogorekmagda;7;7;19;19;1;2015-03-25
Palikot_Janusz;2.86666666666667;86;9.13333333333333;274;30;2015-03-25
PrezydentKukiz;3.05555555555556;110;6.88888888888889;248;36;2015-03-25
WandaNowicka;0;0;0;0;1;2015-03-25
AndrzejDuda;0.571428571428571;4;8.42857142857143;59;7;2015-03-26
AnnaGrodzka;12;12;14;14;1;2015-03-26
JarubasAdam;1.66666666666667;5;2;6;3;2015-03-26
M_Kowalski1;2;4;3;6;2;2015-03-26
ogorekmagda;10.5;21;28.5;57;2;2015-03-26
Palikot_Janusz;0.444444444444444;4;4.44444444444444;40;9;2015-03-26
PrezydentKukiz;3.96774193548387;246;4.59677419354839;285;62;2015-03-26
AndrzejDuda;14.7777777777778;266;26.1666666666667;471;18;2015-03-27
Komorowski;2.8;28;5;50;10;2015-03-27
M_Kowalski1;2;2;4;4;1;2015-03-27
ogorekmagda;4;4;12;12;1;2015-03-27
Palikot_Janusz;2.77777777777778;25;10.1111111111111;91;9;2015-03-27
PrezydentKukiz;3;21;4.57142857142857;32;7;2015-03-27
WandaNowicka;2.16666666666667;13;2.16666666666667;13;6;2015-03-27
AndrzejDuda;7.11111111111111;64;19.1111111111111;172;9;2015-03-28
JarubasAdam;5;5;2;2;1;2015-03-28
Komorowski;4.83333333333333;116;7.75;186;24;2015-03-28
ogorekmagda;17;51;33.6666666666667;101;3;2015-03-28
Palikot_Janusz;2.61290322580645;81;10.1290322580645;314;31;2015-03-28
PrezydentKukiz;4.83333333333333;116;6.625;159;24;2015-03-28
WandaNowicka;0.7;7;2.7;27;10;2015-03-28
AndrzejDuda;9.47619047619048;199;16.6666666666667;350;21;2015-03-29
JarubasAdam;11;44;8.75;35;4;2015-03-29
JkmMikke;16;16;38;38;1;2015-03-29
M_Kowalski1;3;3;3;3;1;2015-03-29
Palikot_Janusz;1.875;30;12.0625;193;16;2015-03-29
PrezydentKukiz;2.14285714285714;30;8.78571428571429;123;14;2015-03-29
WandaNowicka;0;0;1;1;1;2015-03-29
AndrzejDuda;4;8;8;16;2;2015-03-30
JarubasAdam;2.25;9;3.25;13;4;2015-03-30
Komorowski;7.5;30;7.25;29;4;2015-03-30
Palikot_Janusz;2.42857142857143;51;5.85714285714286;123;21;2015-03-30
PrezydentKukiz;4.375;35;8.625;69;8;2015-03-30
WandaNowicka;0;0;1;1;1;2015-03-30
AndrzejDuda;7.71428571428571;54;17.8571428571429;125;7;2015-03-31
JarubasAdam;1.5;3;0.5;1;2;2015-03-31
M_Kowalski1;4.33333333333333;13;6.33333333333333;19;3;2015-03-31
ogorekmagda;8;16;17;34;2;2015-03-31
Palikot_Janusz;1.53333333333333;23;4.53333333333333;68;15;2015-03-31
PrezydentKukiz;7;7;13;13;1;2015-03-31
WandaNowicka;1;1;3;3;1;2015-03-31
AndrzejDuda;18.75;75;54.5;218;4;2015-04-01
AnnaGrodzka;3;3;5;5;1;2015-04-01
JarubasAdam;1.6;8;4.2;21;5;2015-04-01
Komorowski;5.3;53;6.4;64;10;2015-04-01
Palikot_Janusz;34;34;48;48;1;2015-04-01
PrezydentKukiz;3;6;20;40;2;2015-04-01
AndrzejDuda;3.07692307692308;40;7.53846153846154;98;13;2015-04-02
JarubasAdam;1.66666666666667;5;3;9;3;2015-04-02
Komorowski;4.28571428571429;30;5.57142857142857;39;7;2015-04-02
M_Kowalski1;7;7;10;10;1;2015-04-02
Palikot_Janusz;1;1;9;9;1;2015-04-02
PrezydentKukiz;2;14;4;28;7;2015-04-02
AndrzejDuda;0;0;1;1;1;2015-04-03
AnnaGrodzka;1;2;3.5;7;2;2015-04-03
Komorowski;5;5;12;12;1;2015-04-03
PrezydentKukiz;40.5;162;72.75;291;4;2015-04-03
WandaNowicka;1;1;1;1;1;2015-04-03
AndrzejDuda;17.75;71;60.25;241;4;2015-04-04
JarubasAdam;1;1;5;5;1;2015-04-04
JkmMikke;17.5;35;40;80;2;2015-04-04
Komorowski;6.5;13;18.5;37;2;2015-04-04
ogorekmagda;8.5;17;26;52;2;2015-04-04
Palikot_Janusz;6.5;13;39;78;2;2015-04-04
PrezydentKukiz;4.2;21;17.6;88;5;2015-04-04
AndrzejDuda;2;4;18.5;37;2;2015-04-07
JarubasAdam;0.5;1;1.5;3;2;2015-04-07
JkmMikke;32;32;53;53;1;2015-04-07
Komorowski;3.85714285714286;81;5.28571428571429;111;21;2015-04-07
M_Kowalski1;1.5;3;1.5;3;2;2015-04-07
ogorekmagda;13;13;20;20;1;2015-04-07
Palikot_Janusz;1.84615384615385;24;4.76923076923077;62;13;2015-04-07
PrezydentKukiz;0.933333333333333;14;6.4;96;15;2015-04-07
AndrzejDuda;2.5;5;4.5;9;2;2015-04-08
AnnaGrodzka;1;1;1;1;1;2015-04-08
JarubasAdam;0;0;1;1;1;2015-04-08
Komorowski;17.5;70;8.25;33;4;2015-04-08
M_Kowalski1;1;1;1;1;1;2015-04-08
ogorekmagda;7;7;16;16;1;2015-04-08
Palikot_Janusz;3.65217391304348;84;14.5652173913043;335;23;2015-04-08
PrezydentKukiz;4.22222222222222;38;4.66666666666667;42;9;2015-04-08
AndrzejDuda;0;0;1;1;1;2015-04-09
AnnaGrodzka;3;6;4.5;9;2;2015-04-09
JkmMikke;6;6;23;23;1;2015-04-09
Komorowski;6;18;9;27;3;2015-04-09
M_Kowalski1;0.857142857142857;6;2.14285714285714;15;7;2015-04-09
ogorekmagda;3;3;26;26;1;2015-04-09
Palikot_Janusz;2.5;20;10;80;8;2015-04-09
PrezydentKukiz;2.125;17;4.125;33;8;2015-04-09
WandaNowicka;4.25;17;5.25;21;4;2015-04-09
AndrzejDuda;5.4;81;22.9333333333333;344;15;2015-04-10
JarubasAdam;4.66666666666667;14;6.33333333333333;19;3;2015-04-10
Komorowski;74.5;149;45;90;2;2015-04-10
ogorekmagda;9;9;28;28;1;2015-04-10
Palikot_Janusz;0.166666666666667;1;2.66666666666667;16;6;2015-04-10
PrezydentKukiz;2;38;6.36842105263158;121;19;2015-04-10
AndrzejDuda;11.8461538461538;154;27.1538461538462;353;13;2015-04-11
JarubasAdam;3;9;3;9;3;2015-04-11
M_Kowalski1;6.66666666666667;20;4.33333333333333;13;3;2015-04-11
Palikot_Janusz;3.88888888888889;35;16.4444444444444;148;9;2015-04-11
PrezydentKukiz;2.48;62;6.2;155;25;2015-04-11
WandaNowicka;0;0;0;0;1;2015-04-11
AnnaGrodzka;1.5;3;5.5;11;2;2015-04-13
JarubasAdam;1.25;5;1;4;4;2015-04-13
Komorowski;10.4;52;22;110;5;2015-04-13
ogorekmagda;18;18;18;18;1;2015-04-13
Palikot_Janusz;2.80952380952381;59;7.47619047619048;157;21;2015-04-13
PrezydentKukiz;1.82978723404255;86;5.70212765957447;268;47;2015-04-13
WandaNowicka;0.142857142857143;1;1.42857142857143;10;7;2015-04-13
AndrzejDuda;25.25;101;40.5;162;4;2015-04-14
JarubasAdam;1.83333333333333;11;2.33333333333333;14;6;2015-04-14
JkmMikke;19;19;87;87;1;2015-04-14
Komorowski;8.75;35;9.5;38;4;2015-04-14
M_Kowalski1;0;0;0;0;1;2015-04-14
ogorekmagda;10;20;13.5;27;2;2015-04-14
Palikot_Janusz;2.22222222222222;20;6.22222222222222;56;9;2015-04-14
PrezydentKukiz;1.33333333333333;44;4.57575757575758;151;33;2015-04-14
WandaNowicka;0;0;3;3;1;2015-04-14
AndrzejDuda;1;2;6.5;13;2;2015-04-15
AnnaGrodzka;3;3;2;2;1;2015-04-15
Komorowski;2.51351351351351;93;4.62162162162162;171;37;2015-04-15
ogorekmagda;7;7;16;16;1;2015-04-15
Palikot_Janusz;3.9375;63;10.25;164;16;2015-04-15
PrezydentKukiz;1.26190476190476;53;5.14285714285714;216;42;2015-04-15
AndrzejDuda;0.333333333333333;1;5;15;3;2015-04-16
JarubasAdam;5;15;6;18;3;2015-04-16
Komorowski;1.73076923076923;45;4.26923076923077;111;26;2015-04-16
M_Kowalski1;2.5;15;3.66666666666667;22;6;2015-04-16
ogorekmagda;6;6;20;20;1;2015-04-16
Palikot_Janusz;4.25;119;10.1071428571429;283;28;2015-04-16
PrezydentKukiz;1.23684210526316;47;4.18421052631579;159;38;2015-04-16
AndrzejDuda;3.82352941176471;65;10.4117647058824;177;17;2015-04-17
AnnaGrodzka;2;2;3;3;1;2015-04-17
JarubasAdam;1;1;2;2;1;2015-04-17
Komorowski;4.44444444444444;40;6.66666666666667;60;9;2015-04-17
M_Kowalski1;1;1;2;2;1;2015-04-17
ogorekmagda;19.3333333333333;58;38.3333333333333;115;3;2015-04-17
Palikot_Janusz;3.16666666666667;57;8.11111111111111;146;18;2015-04-17
PrezydentKukiz;2.32432432432432;86;6.48648648648649;240;37;2015-04-17
WandaNowicka;0;0;3;3;1;2015-04-17
AndrzejDuda;1;1;8;8;1;2015-04-18
AnnaGrodzka;10;10;16;16;1;2015-04-18
JarubasAdam;4.4;22;6.6;33;5;2015-04-18
Komorowski;2.94736842105263;56;5.31578947368421;101;19;2015-04-18
M_Kowalski1;5;5;7;7;1;2015-04-18
ogorekmagda;7.5;15;11;22;2;2015-04-18
Palikot_Janusz;4.5625;73;13.5;216;16;2015-04-18
PrezydentKukiz;2.34615384615385;61;9;234;26;2015-04-18
WandaNowicka;1.5;3;0.5;1;2;2015-04-18
AndrzejDuda;19;38;21;42;2;2015-04-19
JarubasAdam;1.66666666666667;5;3;9;3;2015-04-19
Komorowski;3.44444444444444;62;4.88888888888889;88;18;2015-04-19
ogorekmagda;9;9;15;15;1;2015-04-19
Palikot_Janusz;8;16;22;44;2;2015-04-19
PrezydentKukiz;3.92592592592593;106;9.96296296296296;269;27;2015-04-19
WandaNowicka;1.5;6;4;16;4;2015-04-19
AndrzejDuda;4.5;18;7.25;29;4;2015-04-20
JarubasAdam;2.5;20;4.875;39;8;2015-04-20
Komorowski;3;3;6;6;1;2015-04-20
Palikot_Janusz;2.58333333333333;31;8.91666666666667;107;12;2015-04-20
PrezydentKukiz;1.38235294117647;47;6.11764705882353;208;34;2015-04-20
WandaNowicka;0.5;1;2;4;2;2015-04-20
JarubasAdam;0.2;1;0.6;3;5;2015-04-21
Komorowski;2.75;11;1.25;5;4;2015-04-21
M_Kowalski1;1.6;8;2.8;14;5;2015-04-21
Palikot_Janusz;5;45;13.3333333333333;120;9;2015-04-21
PrezydentKukiz;2.46666666666667;37;8;120;15;2015-04-21
WandaNowicka;0.5;3;1.16666666666667;7;6;2015-04-21
AndrzejDuda;3.46666666666667;52;12.0666666666667;181;15;2015-04-22
JarubasAdam;2.5;5;2.5;5;2;2015-04-22
Komorowski;3.82608695652174;88;4.34782608695652;100;23;2015-04-22
M_Kowalski1;1;3;1.66666666666667;5;3;2015-04-22
Palikot_Janusz;3.27586206896552;95;9.58620689655172;278;29;2015-04-22
PrezydentKukiz;1.38709677419355;43;5.35483870967742;166;31;2015-04-22
WandaNowicka;0;0;0;0;1;2015-04-22
AndrzejDuda;12;24;39;78;2;2015-04-23
AnnaGrodzka;2;4;3;6;2;2015-04-23
JarubasAdam;3;36;1.58333333333333;19;12;2015-04-23
Komorowski;3.4;34;4.1;41;10;2015-04-23
M_Kowalski1;2;2;3;3;1;2015-04-23
ogorekmagda;17.75;71;18.5;74;4;2015-04-23
Palikot_Janusz;2.68965517241379;78;6.27586206896552;182;29;2015-04-23
PrezydentKukiz;2.37037037037037;64;7.74074074074074;209;27;2015-04-23
WandaNowicka;0.333333333333333;1;1.66666666666667;5;3;2015-04-23
AndrzejDuda;17.875;143;33.5;268;8;2015-04-24
JarubasAdam;1.83333333333333;11;3.66666666666667;22;6;2015-04-24
Komorowski;5.33333333333333;112;8.09523809523809;170;21;2015-04-24
ogorekmagda;10;10;21;21;1;2015-04-24
Palikot_Janusz;3.92857142857143;55;11.5;161;14;2015-04-24
PrezydentKukiz;2.08;52;8.72;218;25;2015-04-24
WandaNowicka;1;1;1;1;1;2015-04-24
AndrzejDuda;1.2;6;5;25;5;2015-04-25
AnnaGrodzka;3.5;7;6;12;2;2015-04-25
JarubasAdam;2.625;21;1.375;11;8;2015-04-25
Palikot_Janusz;6.57142857142857;92;14.4285714285714;202;14;2015-04-25
PrezydentKukiz;0.833333333333333;15;3.33333333333333;60;18;2015-04-25
WandaNowicka;0;0;1;3;3;2015-04-25
JarubasAdam;1.33333333333333;4;0.666666666666667;2;3;2015-04-26
Komorowski;5.18181818181818;57;8.18181818181818;90;11;2015-04-26
ogorekmagda;8.66666666666667;26;12.3333333333333;37;3;2015-04-26
Palikot_Janusz;4.28571428571429;60;8.71428571428571;122;14;2015-04-26
PrezydentKukiz;1.96296296296296;53;4.51851851851852;122;27;2015-04-26
WandaNowicka;0;0;0;0;1;2015-04-26
JarubasAdam;2;2;4;4;1;2015-04-27
JkmMikke;17;17;38;38;1;2015-04-27
Komorowski;4.8;24;4;20;5;2015-04-27
ogorekmagda;11.5;23;20.5;41;2;2015-04-27
Palikot_Janusz;2.6;13;10.2;51;5;2015-04-27
PrezydentKukiz;2.19354838709677;68;4.80645161290323;149;31;2015-04-27
JarubasAdam;2;6;2.33333333333333;7;3;2015-04-28
Komorowski;2.25;27;3.75;45;12;2015-04-28
M_Kowalski1;0.333333333333333;1;0.666666666666667;2;3;2015-04-28
ogorekmagda;8.5;17;23;46;2;2015-04-28
Palikot_Janusz;4.25;102;9.70833333333333;233;24;2015-04-28
PrezydentKukiz;2.19565217391304;101;9.10869565217391;419;46;2015-04-28
WandaNowicka;0.3;3;0.6;6;10;2015-04-28
AndrzejDuda;8.33333333333333;25;11;33;3;2015-04-29
AnnaGrodzka;3;3;5;5;1;2015-04-29
JarubasAdam;1.5;9;1.5;9;6;2015-04-29
JkmMikke;6.33333333333333;19;22;66;3;2015-04-29
Komorowski;3.42857142857143;72;4.23809523809524;89;21;2015-04-29
Palikot_Janusz;4.13333333333333;124;7.9;237;30;2015-04-29
PrezydentKukiz;4;92;13.695652173913;315;23;2015-04-29
WandaNowicka;0;0;0;0;3;2015-04-29
AndrzejDuda;2.28571428571429;16;4.71428571428571;33;7;2015-04-30
AnnaGrodzka;2;6;2.33333333333333;7;3;2015-04-30
JarubasAdam;1;1;1;1;1;2015-04-30
JkmMikke;11;44;33.75;135;4;2015-04-30
Komorowski;3.4375;55;6.75;108;16;2015-04-30
M_Kowalski1;1;2;2;4;2;2015-04-30
ogorekmagda;9;9;8;8;1;2015-04-30
Palikot_Janusz;3.58333333333333;43;9.25;111;12;2015-04-30
PrezydentKukiz;3.45454545454545;38;9.54545454545454;105;11;2015-04-30
WandaNowicka;0.4;2;0.8;4;5;2015-04-30
AndrzejDuda;1.22222222222222;11;3.22222222222222;29;9;2015-05-01
AnnaGrodzka;3;3;3;3;1;2015-05-01
JarubasAdam;3;6;3;6;2;2015-05-01
Komorowski;7.5;30;8.75;35;4;2015-05-01
M_Kowalski1;6;12;10;20;2;2015-05-01
ogorekmagda;5;10;8.5;17;2;2015-05-01
Palikot_Janusz;3.7;37;9.8;98;10;2015-05-01
PrezydentKukiz;11.5;46;33;132;4;2015-05-01
WandaNowicka;2;2;4;4;1;2015-05-01
AndrzejDuda;0.4;2;0.4;2;5;2015-05-02
JarubasAdam;1.75;7;3.5;14;4;2015-05-02
JkmMikke;8;16;30.5;61;2;2015-05-02
Komorowski;5.6;28;8.6;43;5;2015-05-02
ogorekmagda;6;12;11.5;23;2;2015-05-02
Palikot_Janusz;13.7272727272727;151;52.4545454545455;577;11;2015-05-02
PrezydentKukiz;11;11;60;60;1;2015-05-02
AndrzejDuda;4.8;24;13;65;5;2015-05-03
JarubasAdam;2.25;9;4.75;19;4;2015-05-03
JkmMikke;25;25;79;79;1;2015-05-03
Komorowski;3.41666666666667;41;6.58333333333333;79;12;2015-05-03
M_Kowalski1;1;1;5;5;1;2015-05-03
ogorekmagda;9;9;17;17;1;2015-05-03
Palikot_Janusz;5.06666666666667;76;13.6;204;15;2015-05-03
PrezydentKukiz;8.5;17;18.5;37;2;2015-05-03
AndrzejDuda;10;30;8.33333333333333;25;3;2015-05-04
AnnaGrodzka;1;1;5;5;1;2015-05-04
JarubasAdam;2.33333333333333;7;4;12;3;2015-05-04
Komorowski;2;2;6;6;1;2015-05-04
Palikot_Janusz;6.66666666666667;20;14.6666666666667;44;3;2015-05-04
PrezydentKukiz;2.33333333333333;14;4.5;27;6;2015-05-04
WandaNowicka;2;4;5.5;11;2;2015-05-04
AndrzejDuda;37;37;46;46;1;2015-05-05
JarubasAdam;2;4;2.5;5;2;2015-05-05
Komorowski;4.61538461538461;120;7.57692307692308;197;26;2015-05-05
ogorekmagda;5;5;20;20;1;2015-05-05
Palikot_Janusz;5.5;66;22.8333333333333;274;12;2015-05-05
PrezydentKukiz;6.25;25;24;96;4;2015-05-05
WandaNowicka;0.785714285714286;11;1.78571428571429;25;14;2015-05-05
JkmMikke;30;30;165;165;1;2015-05-06
AndrzejDuda;32.5;65;74.5;149;2;2015-05-07
JarubasAdam;1.66666666666667;10;3.5;21;6;2015-05-07
JkmMikke;12;12;34;34;1;2015-05-07
Komorowski;6.45454545454545;71;11.7272727272727;129;11;2015-05-07
M_Kowalski1;13.6666666666667;82;39.3333333333333;236;6;2015-05-07
ogorekmagda;13.6666666666667;41;24.3333333333333;73;3;2015-05-07
Palikot_Janusz;3.05;61;7.85;157;20;2015-05-07
PrezydentKukiz;17.375;139;41.875;335;8;2015-05-07
WandaNowicka;1.2;6;2.8;14;5;2015-05-07
AndrzejDuda;9;72;22.625;181;8;2015-05-08
JarubasAdam;3;15;4;20;5;2015-05-08
JkmMikke;19;19;62;62;1;2015-05-08
Komorowski;4.38202247191011;390;5.80898876404494;517;89;2015-05-08
M_Kowalski1;7.33333333333333;44;13.6666666666667;82;6;2015-05-08
ogorekmagda;15;15;41;41;1;2015-05-08
Palikot_Janusz;3.44444444444444;62;11.4444444444444;206;18;2015-05-08
PrezydentKukiz;22.8947368421053;435;49;931;19;2015-05-08
JkmMikke;9;9;40;40;1;2015-05-10
