"lastname";"date";"sentiment"
komorowski;2015-03-16;57
duda;2015-03-16;6
korwin;2015-03-16;19
ogorek;2015-03-16;3
jarubas;2015-03-16;3
kukiz;2015-03-16;21
palikot;2015-03-16;-4
wilk;2015-03-16;7
braun;2015-03-16;0
kowalski;2015-03-16;2
tanajno;2015-03-16;0
komorowski;2015-03-17;68
duda;2015-03-17;3
korwin;2015-03-17;18
ogorek;2015-03-17;-2
jarubas;2015-03-17;1
kukiz;2015-03-17;-5
palikot;2015-03-17;-1
wilk;2015-03-17;0
braun;2015-03-17;-1
kowalski;2015-03-17;-1
tanajno;2015-03-17;0
komorowski;2015-05-10;-4
duda;2015-05-10;-3
korwin;2015-05-10;11
ogorek;2015-05-10;-10
jarubas;2015-05-10;-1
kukiz;2015-05-10;16
palikot;2015-05-10;-4
wilk;2015-05-10;-1
braun;2015-05-10;-3
kowalski;2015-05-10;2
tanajno;2015-05-10;-1
