"text";"favorited";"favoriteCount";"replyToSN";"created";"truncated";"replyToSID";"id";"replyToUID";"statusSource";"screenName";"retweetCount";"isRetweet";"retweeted";"longitude";"latitude";"lastname"
"O wiezniach w materiale Superstacji  https://t.co/fXGtY2EfHY: O wiezniach w materiale Supe... http://t.co/IJupsif6Ko";FALSE;2;NA;"2014-01-30 22:44:43";FALSE;NA;429022389649678336;NA;"<a href=http://twitterfeed.com rel=nofollow>twitterfeed</a>";"korwinmikke";1;FALSE;FALSE;NA;NA;"Korwin"
"Jest juz nagranie z Telewizja Superstacja  https://t.co/CS2iJgzb7F...: Jest juz nagranie z Telew... http://t.co/swqSu4FRxk";FALSE;0;NA;"2014-01-30 17:27:10";FALSE;NA;428942475005140992;NA;"<a href=http://twitterfeed.com rel=nofollow>twitterfeed</a>";"korwinmikke";1;FALSE;FALSE;NA;NA;"Korwin"
"Jak panstwo wiecie, nigdy nie podlizywalem sie elektoratowi i m�qilem ludziom pr...: Jak panstwo wiecie, nigdy... http://t.co/hcPeMtvXDy";FALSE;0;NA;"2014-01-30 16:47:37";FALSE;NA;428932525528866816;NA;"<a href=http://twitterfeed.com rel=nofollow>twitterfeed</a>";"korwinmikke";0;FALSE;FALSE;NA;NA;"Korwin"
"Dzisiejsze nagranie z  http://t.co/Y2adsata6J bedzie nadane w SuperStacji ok.17.30 i p...: Dzisiejsze nagranie ... http://t.co/JYX0MwGayK";FALSE;1;NA;"2014-01-30 11:26:39";FALSE;NA;428851750372524032;NA;"<a href=http://twitterfeed.com rel=nofollow>twitterfeed</a>";"korwinmikke";2;FALSE;FALSE;NA;NA;"Korwin"
"O wiezniach w materiale Superstacji  https://t.co/fXGtY2EfHY: O wiezniach w materiale Supe... http://t.co/IJupsif6Ko";FALSE;2;NA;"2014-01-30 22:44:43";FALSE;NA;429022389649678336;NA;"<a href=http://twitterfeed.com rel=nofollow>twitterfeed</a>";"korwinmikke";1;FALSE;FALSE;NA;NA;"Korwin"
"Jest juz nagranie z Telewizja Superstacja  https://t.co/CS2iJgzb7F...: Jest juz nagranie z Telew... http://t.co/swqSu4FRxk";FALSE;0;NA;"2014-01-30 17:27:10";FALSE;NA;428942475005140992;NA;"<a href=http://twitterfeed.com rel=nofollow>twitterfeed</a>";"korwinmikke";1;FALSE;FALSE;NA;NA;"Korwin"
"Jak panstwo wiecie, nigdy nie podlizywalem sie elektoratowi i m�qilem ludziom pr...: Jak panstwo wiecie, nigdy... http://t.co/hcPeMtvXDy";FALSE;0;NA;"2014-01-30 16:47:37";FALSE;NA;428932525528866816;NA;"<a href=http://twitterfeed.com rel=nofollow>twitterfeed</a>";"korwinmikke";0;FALSE;FALSE;NA;NA;"Korwin"
"Dzisiejsze nagranie z  http://t.co/Y2adsata6J bedzie nadane w SuperStacji ok.17.30 i p...: Dzisiejsze nagranie ... http://t.co/JYX0MwGayK";FALSE;1;NA;"2014-01-30 11:26:39";FALSE;NA;428851750372524032;NA;"<a href=http://twitterfeed.com rel=nofollow>twitterfeed</a>";"korwinmikke";2;FALSE;FALSE;NA;NA;"Korwin"
