"text";"favorited";"favoriteCount";"replyToSN";"created";"truncated";"replyToSID";"id";"replyToUID";"statusSource";"screenName";"retweetCount";"isRetweet";"retweeted";"longitude";"latitude";"lastname"
"Poreczenia i zaplata za mlodych grzywny to nie przestepstwo. https://t.co/BFfbCD9Zrz";FALSE;8;NA;"2015-01-19 17:29:51";FALSE;NA;557228456665436160;NA;"<a href=http://twitter.com rel=nofollow>Twitter Web Client</a>";"ogorekmagda";7;FALSE;FALSE;NA;NA;"Og�rek"
"Niejasne prawo robi z kazdego potencjalnego przestepce https://t.co/LQUE7uUijq";FALSE;20;NA;"2015-01-19 12:23:33";FALSE;NA;557151373523836928;NA;"<a href=http://twitter.com rel=nofollow>Twitter Web Client</a>";"ogorekmagda";12;FALSE;FALSE;NA;NA;"Og�rek"
"Poreczenia i zaplata za mlodych grzywny to nie przestepstwo. https://t.co/BFfbCD9Zrz";FALSE;8;NA;"2015-01-19 17:29:51";FALSE;NA;557228456665436160;NA;"<a href=http://twitter.com rel=nofollow>Twitter Web Client</a>";"ogorekmagda";7;FALSE;FALSE;NA;NA;"Og?rek"
"Niejasne prawo robi z kazdego potencjalnego przestepce https://t.co/LQUE7uUijq";FALSE;20;NA;"2015-01-19 12:23:33";FALSE;NA;557151373523836928;NA;"<a href=http://twitter.com rel=nofollow>Twitter Web Client</a>";"ogorekmagda";12;FALSE;FALSE;NA;NA;"Og?rek"
