"text";"favorited";"favoriteCount";"replyToSN";"created";"truncated";"replyToSID";"id";"replyToUID";"statusSource";"screenName";"retweetCount";"isRetweet";"retweeted";"longitude";"latitude";"lastname"
"Za chwile bede gosciem programu  Loza radiowa  w Radio Opole http://t.co/myvdX7JibP";FALSE;2;NA;"2015-02-27 11:09:48";FALSE;NA;571265940635193344;NA;"<a href=http://www.apple.com rel=nofollow>iOS</a>";"JarubasAdam";2;FALSE;FALSE;NA;NA;"Jarubas"
"Dzis wizyta w Opolu. O 10.00 konferencja prasowa w Domu Ruchu Ludowego (ul. Katowicka 25).";FALSE;2;NA;"2015-02-27 07:50:03";FALSE;NA;571215671541039104;NA;"<a href=http://twitter.com/download/iphone rel=nofollow>Twitter for iPhone</a>";"JarubasAdam";2;FALSE;FALSE;NA;NA;"Jarubas"
"Budownictwo komunalne alternatywa dla kredytowej pulapki. #Polskafair http://t.co/wzvqob3B81";FALSE;15;NA;"2015-02-27 18:12:21";FALSE;NA;571372279873081344;NA;"<a href=http://twitter.com/download/android rel=nofollow>Twitter for Android</a>";"AnnaGrodzka";5;FALSE;FALSE;NA;NA;"Grodzka"
"W niedziele V Narodowy Dzien Pamieci Zolnierzy Wykletych! Narodowy Krasnik przypomina moje zeszloroczne przem�wienie https://t.co/kg62URxoCY";FALSE;2;NA;"2015-02-27 15:23:37";FALSE;NA;571329816944881664;NA;"<a href=http://twitter.com rel=nofollow>Twitter Web Client</a>";"M_Kowalski1";1;FALSE;FALSE;NA;NA;"Kowalski"
"15 marca jedzmy na Wegry! http://t.co/3QXn4Rf85U";FALSE;6;NA;"2015-02-27 15:11:44";FALSE;NA;571326824468357120;NA;"<a href=http://twitter.com rel=nofollow>Twitter Web Client</a>";"M_Kowalski1";7;FALSE;FALSE;NA;NA;"Kowalski"
"Przeciwko molestowaniu w pracy http://t.co/nchPaVXHhH @tvn24 @gazeta_wyborcza @tvp_info";FALSE;0;NA;"2015-02-27 12:30:31";FALSE;NA;571286252177240064;NA;"<a href=http://twitter.com rel=nofollow>Twitter Web Client</a>";"WandaNowicka";0;FALSE;FALSE;NA;NA;"Nowicka"
"Przy porannej kawie zapraszam dzis na do radia @Radio_TOK_FM . Rozmawiamy z red. Jackiem #Zakowskim";FALSE;0;NA;"2015-02-27 06:00:56";FALSE;NA;571188210581291008;NA;"<a href=https://mobile.twitter.com rel=nofollow>Mobile Web (M5)</a>";"WandaNowicka";0;FALSE;FALSE;NA;NA;"Nowicka"
"Za chwile bede gosciem programu  Loza radiowa  w Radio Opole http://t.co/myvdX7JibP";FALSE;2;NA;"2015-02-27 11:09:48";FALSE;NA;571265940635193344;NA;"<a href=http://www.apple.com rel=nofollow>iOS</a>";"JarubasAdam";2;FALSE;FALSE;NA;NA;"Jarubas"
"Dzis wizyta w Opolu. O 10.00 konferencja prasowa w Domu Ruchu Ludowego (ul. Katowicka 25).";FALSE;2;NA;"2015-02-27 07:50:03";FALSE;NA;571215671541039104;NA;"<a href=http://twitter.com/download/iphone rel=nofollow>Twitter for iPhone</a>";"JarubasAdam";2;FALSE;FALSE;NA;NA;"Jarubas"
"Budownictwo komunalne alternatywa dla kredytowej pulapki. #Polskafair http://t.co/wzvqob3B81";FALSE;15;NA;"2015-02-27 18:12:21";FALSE;NA;571372279873081344;NA;"<a href=http://twitter.com/download/android rel=nofollow>Twitter for Android</a>";"AnnaGrodzka";5;FALSE;FALSE;NA;NA;"Grodzka"
"W niedziele V Narodowy Dzien Pamieci Zolnierzy Wykletych! Narodowy Krasnik przypomina moje zeszloroczne przem�wienie https://t.co/kg62URxoCY";FALSE;2;NA;"2015-02-27 15:23:37";FALSE;NA;571329816944881664;NA;"<a href=http://twitter.com rel=nofollow>Twitter Web Client</a>";"M_Kowalski1";1;FALSE;FALSE;NA;NA;"Kowalski"
"15 marca jedzmy na Wegry! http://t.co/3QXn4Rf85U";FALSE;6;NA;"2015-02-27 15:11:44";FALSE;NA;571326824468357120;NA;"<a href=http://twitter.com rel=nofollow>Twitter Web Client</a>";"M_Kowalski1";7;FALSE;FALSE;NA;NA;"Kowalski"
"Przeciwko molestowaniu w pracy http://t.co/nchPaVXHhH @tvn24 @gazeta_wyborcza @tvp_info";FALSE;0;NA;"2015-02-27 12:30:31";FALSE;NA;571286252177240064;NA;"<a href=http://twitter.com rel=nofollow>Twitter Web Client</a>";"WandaNowicka";0;FALSE;FALSE;NA;NA;"Nowicka"
"Przy porannej kawie zapraszam dzis na do radia @Radio_TOK_FM . Rozmawiamy z red. Jackiem #Zakowskim";FALSE;0;NA;"2015-02-27 06:00:56";FALSE;NA;571188210581291008;NA;"<a href=https://mobile.twitter.com rel=nofollow>Mobile Web (M5)</a>";"WandaNowicka";0;FALSE;FALSE;NA;NA;"Nowicka"
