"text";"favorited";"favoriteCount";"replyToSN";"created";"truncated";"replyToSID";"id";"replyToUID";"statusSource";"screenName";"retweetCount";"isRetweet";"retweeted";"longitude";"latitude";"lastname"
"Cenzura na FaceBooku: usunieto mi wpis, kt�ry zamieszczam tu:  http://korwin-mik...: Cenzura na FaceBooku: usu... http://t.co/kadlCjfhFL";FALSE;3;NA;"2014-02-19 22:51:54";FALSE;NA;436271957101658112;NA;"<a href=http://twitterfeed.com rel=nofollow>twitterfeed</a>";"korwinmikke";2;FALSE;FALSE;NA;NA;"Korwin"
"Teraz dla odmiany cenzura na FaceBooku. Otrzymalem od FB komunikat, ze usuwaja m...: Teraz dla odmiany cenzura... http://t.co/UUIgSwQb76";FALSE;0;NA;"2014-02-19 21:28:33";FALSE;NA;436250980988891136;NA;"<a href=http://twitterfeed.com rel=nofollow>twitterfeed</a>";"korwinmikke";3;FALSE;FALSE;NA;NA;"Korwin"
"Tu p. Kamil Cebulski wyjasnia jak dziala cenzura w NEWSWEEKu http://www.kamilceb...: Tu p. Kamil Cebulski wyja... http://t.co/Kg5jyyF7ex";FALSE;2;NA;"2014-02-19 15:04:47";FALSE;NA;436154404199075840;NA;"<a href=http://twitterfeed.com rel=nofollow>twitterfeed</a>";"korwinmikke";2;FALSE;FALSE;NA;NA;"Korwin"
"Plan spotkan na najblizsze dni: - KALISZ, 19.02, godzina 15:00 https://www.faceb...: Plan spotkan na najblizsz... http://t.co/OGHO4w73Fl";FALSE;0;NA;"2014-02-19 12:50:57";FALSE;NA;436120721924714496;NA;"<a href=http://twitterfeed.com rel=nofollow>twitterfeed</a>";"korwinmikke";2;FALSE;FALSE;NA;NA;"Korwin"
"Na spotkania ze mna przychodza z reguly mlodzi ludzie 23-24 lata. Nasi wrogowie...: Na spotkania ze mna przych... http://t.co/zPQIqpnxMa";FALSE;2;NA;"2014-02-19 10:03:40";FALSE;NA;436078625343807488;NA;"<a href=http://twitterfeed.com rel=nofollow>twitterfeed</a>";"korwinmikke";2;FALSE;FALSE;NA;NA;"Korwin"
"Cenzura na FaceBooku: usunieto mi wpis, kt�ry zamieszczam tu:  http://korwin-mik...: Cenzura na FaceBooku: usu... http://t.co/kadlCjfhFL";FALSE;3;NA;"2014-02-19 22:51:54";FALSE;NA;436271957101658112;NA;"<a href=http://twitterfeed.com rel=nofollow>twitterfeed</a>";"korwinmikke";2;FALSE;FALSE;NA;NA;"Korwin"
"Teraz dla odmiany cenzura na FaceBooku. Otrzymalem od FB komunikat, ze usuwaja m...: Teraz dla odmiany cenzura... http://t.co/UUIgSwQb76";FALSE;0;NA;"2014-02-19 21:28:33";FALSE;NA;436250980988891136;NA;"<a href=http://twitterfeed.com rel=nofollow>twitterfeed</a>";"korwinmikke";3;FALSE;FALSE;NA;NA;"Korwin"
"Tu p. Kamil Cebulski wyjasnia jak dziala cenzura w NEWSWEEKu http://www.kamilceb...: Tu p. Kamil Cebulski wyja... http://t.co/Kg5jyyF7ex";FALSE;2;NA;"2014-02-19 15:04:47";FALSE;NA;436154404199075840;NA;"<a href=http://twitterfeed.com rel=nofollow>twitterfeed</a>";"korwinmikke";2;FALSE;FALSE;NA;NA;"Korwin"
"Plan spotkan na najblizsze dni: - KALISZ, 19.02, godzina 15:00 https://www.faceb...: Plan spotkan na najblizsz... http://t.co/OGHO4w73Fl";FALSE;0;NA;"2014-02-19 12:50:57";FALSE;NA;436120721924714496;NA;"<a href=http://twitterfeed.com rel=nofollow>twitterfeed</a>";"korwinmikke";2;FALSE;FALSE;NA;NA;"Korwin"
"Na spotkania ze mna przychodza z reguly mlodzi ludzie 23-24 lata. Nasi wrogowie...: Na spotkania ze mna przych... http://t.co/zPQIqpnxMa";FALSE;2;NA;"2014-02-19 10:03:40";FALSE;NA;436078625343807488;NA;"<a href=http://twitterfeed.com rel=nofollow>twitterfeed</a>";"korwinmikke";2;FALSE;FALSE;NA;NA;"Korwin"
