"text";"favorited";"favoriteCount";"replyToSN";"created";"truncated";"replyToSID";"id";"replyToUID";"statusSource";"screenName";"retweetCount";"isRetweet";"retweeted";"longitude";"latitude";"lastname"
"3 maja - rocznica dumy, ale i przestrogi. Pomni doświadczeń z historii budujmy naszą siłę poprzez zgodę i jedność. http://t.co/Tt3XSZ1mHD";FALSE;11;NA;2015-05-03 11:52:05;FALSE;NA;594831793905238016;NA;<a href="https://about.twitter.com/products/tweetdeck" rel="nofollow">TweetDeck</a>;Komorowski;14;FALSE;FALSE;NA;NA;"Komorowski"
"Nasza zgoda dzisiaj oznacza nasze bezpieczeństwo jutro. Budujmy siłę Polski pamiętając, że siła jest zawsze w jedności.";FALSE;2;NA;2015-05-03 10:26:56;FALSE;NA;594810364103102464;NA;<a href="http://twitter.com" rel="nofollow">Twitter Web Client</a>;Komorowski;3;FALSE;FALSE;NA;NA;"Komorowski"
"W obliczu zagrożenia trzeba nam elementarnej zgody ponad podziałami w kwestiach pol. zagr., bezp. energetycznego czy modernizacji armii.";FALSE;3;NA;2015-05-03 10:26:44;FALSE;NA;594810313490485249;NA;<a href="http://twitter.com" rel="nofollow">Twitter Web Client</a>;Komorowski;3;FALSE;FALSE;NA;NA;"Komorowski"
"Zgoda narodowa przekłada się na siłę i odporność państwa. Bądźmy mądrzejsi od naszych przodków o ich doświadczenie klęski.";FALSE;3;NA;2015-05-03 10:23:58;FALSE;NA;594809618947284992;NA;<a href="http://twitter.com" rel="nofollow">Twitter Web Client</a>;Komorowski;1;FALSE;FALSE;NA;NA;"Komorowski"
"Chcesz mieć pokój - gotuj się do wojny  - dlatego wzmacniamy nasz potencjał militarny i obecność @NATO na całej flance wschodniej.";FALSE;6;NA;2015-05-03 10:23:43;FALSE;NA;594809555982426115;NA;<a href="http://twitter.com" rel="nofollow">Twitter Web Client</a>;Komorowski;1;FALSE;FALSE;NA;NA;"Komorowski"
"Wolność nie jest dana raz na zawsze - trzeba o nią dbać i ją pielęgnować. Musimy to robić wspólnie.";FALSE;9;NA;2015-05-03 10:21:27;FALSE;NA;594808986215546880;NA;<a href="http://twitter.com" rel="nofollow">Twitter Web Client</a>;Komorowski;6;FALSE;FALSE;NA;NA;"Komorowski"
"Pomni doświadczeń z historii powinniśmy budować naszą siłę poprzez zgodę i jedność. Bo na naszych sporach zawsze korzystali nasi wrogowie.";FALSE;7;NA;2015-05-03 10:21:10;FALSE;NA;594808914077556737;NA;<a href="http://twitter.com" rel="nofollow">Twitter Web Client</a>;Komorowski;2;FALSE;FALSE;NA;NA;"Komorowski"
"Zapłaciliśmy wysoką cenę za brak zgody - straciliśmy wolność, straciliśmy nasze państwo. Długo musieliśmy walczyć o ich odzyskanie.";FALSE;8;NA;2015-05-03 10:20:29;FALSE;NA;594808741742157824;NA;<a href="http://twitter.com" rel="nofollow">Twitter Web Client</a>;Komorowski;0;FALSE;FALSE;NA;NA;"Komorowski"
"Wielki projekt modernizacyjny upadł w wyniku braku zgody wewnętrznej.";FALSE;8;NA;2015-05-03 10:20:13;FALSE;NA;594808675363065856;NA;<a href="http://twitter.com" rel="nofollow">Twitter Web Client</a>;Komorowski;0;FALSE;FALSE;NA;NA;"Komorowski"
"Brak zgody, odpowiedzialności za państwo, a wreszcie zdrada targowiczan i agresja rosyjska doprowadziła do upadku Konstytucji";FALSE;7;NA;2015-05-03 10:19:44;FALSE;NA;594808551731781632;NA;<a href="http://twitter.com" rel="nofollow">Twitter Web Client</a>;Komorowski;1;FALSE;FALSE;NA;NA;"Komorowski"
"Była pierwszą nowoczesną konstytucją w Europie, drugą na świecie - jest więc powodem do dumy, ale i przestrogą.";FALSE;6;NA;2015-05-03 10:18:41;FALSE;NA;594808287046008833;NA;<a href="http://twitter.com" rel="nofollow">Twitter Web Client</a>;Komorowski;3;FALSE;FALSE;NA;NA;"Komorowski"
"Konstytucja 3 Maja była mądrą i odważną próbą zreformowania państwa, zapewnienia mu bezpieczeństwa, zbudowania nowoczesnej, silnej armii.";FALSE;9;NA;2015-05-03 10:17:48;FALSE;NA;594808066622754817;NA;<a href="http://twitter.com" rel="nofollow">Twitter Web Client</a>;Komorowski;7;FALSE;FALSE;NA;NA;"Komorowski"
"@PiotrSzumlewicz A ja jestem Andrzej Duda, to ja podejmuję zobowiązania i to ja ubiegam się o prezydenturę. To moja odpowiedzialność. OK?";FALSE;32;PiotrSzumlewicz;2015-05-03 20:19:25;FALSE;594938243344375808;594959468019986432;965127708;<a href="http://twitter.com/#!/download/ipad" rel="nofollow">Twitter for iPad</a>;AndrzejDuda;14;FALSE;FALSE;NA;NA;"Duda"
"@BartlomiejOrzel Ja proponuję rozpoczęcie debaty i prac nad nową konstytucją i przedstawiłem kilka założeń i propozycji do dyskusji.";FALSE;10;BartlomiejOrzel;2015-05-03 15:45:46;FALSE;594889908025720832;594890601809739776;1520579653;<a href="http://twitter.com/#!/download/ipad" rel="nofollow">Twitter for iPad</a>;AndrzejDuda;7;FALSE;FALSE;NA;NA;"Duda"
"@MStrzyminski Ciekawy pomysł.";FALSE;0;MStrzyminski;2015-05-03 15:06:51;FALSE;594868523815546881;594880805576560640;2230182313;<a href="http://twitter.com/download/iphone" rel="nofollow">Twitter for iPhone</a>;AndrzejDuda;0;FALSE;FALSE;NA;NA;"Duda"
"@ISzafranska @ARomasze @MagdalenaZuraw @Dariusz_Lasocki 182";FALSE;12;ISzafranska;2015-05-03 13:35:01;FALSE;594856113964711936;594857697142517761;158809114;<a href="http://twitter.com/#!/download/ipad" rel="nofollow">Twitter for iPad</a>;AndrzejDuda;2;FALSE;FALSE;NA;NA;"Duda"
"@ISzafranska @ARomasze @MagdalenaZuraw @Dariusz_Lasocki 175;-)";FALSE;11;ISzafranska;2015-05-03 13:27:53;FALSE;594853417270571008;594855901066059776;158809114;<a href="http://twitter.com/#!/download/ipad" rel="nofollow">Twitter for iPad</a>;AndrzejDuda;1;FALSE;FALSE;NA;NA;"Duda"
"Rzeszów. Jednym z pkt. mojego programu jest podwyższenie kwoty wolnej od podatku do 20 tys. http://t.co/FSRDYygOCK http://t.co/N9P1GIjn9V";FALSE;17;NA;2015-05-03 17:31:26;FALSE;NA;594917191360851968;NA;<a href="http://twitter.com" rel="nofollow">Twitter Web Client</a>;ogorekmagda;9;FALSE;FALSE;NA;NA;"Og?rek"
"@SKoziej Koziej";FALSE;1;Palikot_Janusz;2015-05-03 19:31:18;FALSE;594946852308520962;594947357806067712;106993247;<a href="http://twitter.com/download/android" rel="nofollow">Twitter for Android</a>;Palikot_Janusz;2;FALSE;FALSE;NA;NA;"Palikot"
"@SKoziej panie Kociej Pan to jesteś wedluniarz inaczej gość od mięsa armatniego i tyle!";FALSE;1;SKoziej;2015-05-03 19:29:17;FALSE;594940507219984387;594946852308520962;1536985542;<a href="http://twitter.com/download/android" rel="nofollow">Twitter for Android</a>;Palikot_Janusz;2;FALSE;FALSE;NA;NA;"Palikot"
"art. 66 Osobom niepełnospr. władze publ. udzielają zgodnie z ustawą pomocy w zabezp. egzystencji, przysposob. do pracy oraz kom. społecznej.";FALSE;12;NA;2015-05-03 15:47:00;FALSE;NA;594890909445136384;NA;<a href="http://twitter.com" rel="nofollow">Twitter Web Client</a>;Palikot_Janusz;3;FALSE;FALSE;NA;NA;"Palikot"
"art. 50 Nikt nie może być zmuszony do uczestniczenia ani do nieuczestniczenia w praktykach religijnych #nowakonstytucja";FALSE;23;NA;2015-05-03 12:35:35;FALSE;NA;594842741290496001;NA;<a href="http://twitter.com" rel="nofollow">Twitter Web Client</a>;Palikot_Janusz;5;FALSE;FALSE;NA;NA;"Palikot"
"art. 45 Rodzice mają prawo do wychowania dzieci zgodnie z własnymi przekonaniami #nowakonstytucja #palikot2015";FALSE;19;NA;2015-05-03 11:53:54;FALSE;NA;594832248999956480;NA;<a href="http://itunes.apple.com/us/app/twitter/id409789998?mt=12" rel="nofollow">Twitter for Mac</a>;Palikot_Janusz;3;FALSE;FALSE;NA;NA;"Palikot"
"art. 37 Nikt nie może być poddany torturom ani okrutnemu, nieludzkiemu lub poniżającemu trakt. i karaniu. Zakazuje się stos. kar cielesnych.";FALSE;18;NA;2015-05-03 11:38:04;FALSE;NA;594828264218173440;NA;<a href="http://twitter.com" rel="nofollow">Twitter Web Client</a>;Palikot_Janusz;3;FALSE;FALSE;NA;NA;"Palikot"
"art. 31 pkt 3 Mężczyzna i kobieta mają równe prawa do opieki nad dziećmi #nowakonstytucja";FALSE;21;NA;2015-05-03 11:15:31;FALSE;NA;594822592055398401;NA;<a href="http://twitter.com" rel="nofollow">Twitter Web Client</a>;Palikot_Janusz;6;FALSE;FALSE;NA;NA;"Palikot"
"Polska potrzebuje nowej Konstytucji na miarę dzisiejszych wyzwań! #nowakonstytucja http://t.co/gO31x181Wq";FALSE;16;NA;2015-05-03 10:02:59;FALSE;NA;594804335063740416;NA;<a href="http://twitter.com" rel="nofollow">Twitter Web Client</a>;Palikot_Janusz;4;FALSE;FALSE;NA;NA;"Palikot"
"@AnnBachorska. Potrzeba wiekszosci";FALSE;1;AnnBachorska;2015-05-03 09:32:00;FALSE;594794461022019584;594796539916242944;1386659503;<a href="http://twitter.com/download/android" rel="nofollow">Twitter for Android</a>;Palikot_Janusz;0;FALSE;FALSE;NA;NA;"Palikot"
"@DrozdzMaciek stary mój postulat, ale sejm odrzuca";FALSE;0;DrozdzMaciek;2015-05-03 09:31:14;FALSE;594796055172087808;594796344709128193;315202430;<a href="http://twitter.com/download/android" rel="nofollow">Twitter for Android</a>;Palikot_Janusz;0;FALSE;FALSE;NA;NA;"Palikot"
"Trzeba zlikwidować Senat, zmniejszyć liczbę posłów i wypowiedzieć konkordat #nowakonstytucja #palikot2015 http://t.co/yqQfzqYlqi";FALSE;30;NA;2015-05-03 09:19:39;FALSE;NA;594793431895044096;NA;<a href="http://twitter.com/download/android" rel="nofollow">Twitter for Android</a>;Palikot_Janusz;17;FALSE;FALSE;NA;NA;"Palikot"
"Dziś przed PAN gdzie Janusz Palikot podejmował pracę naukową przedstawiliśmy projekt nowej konstytucji #palikot2015 http://t.co/XYrCLA3Ubd";FALSE;11;NA;2015-05-03 09:17:53;FALSE;NA;594792986199891968;NA;<a href="http://twitter.com/download/android" rel="nofollow">Twitter for Android</a>;Palikot_Janusz;7;FALSE;FALSE;NA;NA;"Palikot"
"LIVE on #Periscope: Nowa Konstytucja  https://t.co/yG2EQRaHkd";FALSE;5;NA;2015-05-03 09:00:40;FALSE;NA;594788653781655552;NA;<a href="https://periscope.tv" rel="nofollow">Periscope.TV</a>;Palikot_Janusz;2;FALSE;FALSE;NA;NA;"Palikot"
"art. 31 Dyskryminacja ze względu na płeć i orientacje seksualną jest zakazana #nowakonstytucja";FALSE;26;NA;2015-05-03 07:43:18;FALSE;NA;594769184950714371;NA;<a href="http://itunes.apple.com/us/app/twitter/id409789998?mt=12" rel="nofollow">Twitter for Mac</a>;Palikot_Janusz;11;FALSE;FALSE;NA;NA;"Palikot"
"Nowa konstytucja O 11 link do treści nowej ustawy zasadniczej #palikot2015 #nowakonstytucja http://t.co/CjirduigXF http://t.co/cSN2xSGcmP";FALSE;20;NA;2015-05-03 06:48:56;FALSE;NA;594755501625323520;NA;<a href="http://itunes.apple.com/us/app/twitter/id409789998?mt=12" rel="nofollow">Twitter for Mac</a>;Palikot_Janusz;11;FALSE;FALSE;NA;NA;"Palikot"
"Musimy czerpać z pierwszej w Europie konstytucji by nigdy nie zaginęła kultura polska, tożsamość i tradycja. http://t.co/PHqwlu54Yy";FALSE;4;NA;2015-05-03 15:57:19;FALSE;NA;594893509662023684;NA;<a href="http://twitter.com" rel="nofollow">Twitter Web Client</a>;JarubasAdam;2;FALSE;FALSE;NA;NA;"Jarubas"
"Z Kasprowego Wierchu z serca Tatr kłaniam się wszystkim Polakom. http://t.co/33LXVLGXmU";FALSE;6;NA;2015-05-03 10:50:10;FALSE;NA;594816208987365376;NA;<a href="http://twitter.com" rel="nofollow">Twitter Web Client</a>;JarubasAdam;2;FALSE;FALSE;NA;NA;"Jarubas"
"Musimy wzmocnić status inicjatywy ustawodawczej prezydenta w polskiej konstytucji - konferencja na Kasprowym Wierchu. http://t.co/eGkdTRthz6";FALSE;3;NA;2015-05-03 10:49:37;FALSE;NA;594816070910894080;NA;<a href="http://twitter.com" rel="nofollow">Twitter Web Client</a>;JarubasAdam;2;FALSE;FALSE;NA;NA;"Jarubas"
"Dziś Podhale i Świętokrzyskie. W rocznicę Konstytucji 3 Maja ukłony z Kasprowego:) http://t.co/4NXoiqMeVs";FALSE;6;NA;2015-05-03 09:23:59;FALSE;NA;594794522632151041;NA;<a href="http://www.apple.com" rel="nofollow">iOS</a>;JarubasAdam;3;FALSE;FALSE;NA;NA;"Jarubas"
"https://t.co/zhfYbsC4aH małe kulisy Kampanii,a tymczasem powrót do domu po wizycie w Trójmieście. #PotrafiszPolsko zmęczyć do cna,ale warto!";FALSE;19;NA;2015-05-03 21:08:31;FALSE;NA;594971822648651776;NA;<a href="http://twitter.com" rel="nofollow">Twitter Web Client</a>;PrezydentKukiz;7;FALSE;FALSE;NA;NA;"Kukiz"
"Uważajcie na nadużycia - na ostatnim etapie Kampanii!!! Jedyna oficjalna strona to http://t.co/g1WuVDPAvL https://t.co/ee8LhlaYy2";FALSE;18;NA;2015-05-03 11:38:36;FALSE;NA;594828399358652416;NA;<a href="http://twitter.com" rel="nofollow">Twitter Web Client</a>;PrezydentKukiz;10;FALSE;FALSE;NA;NA;"Kukiz"
"Dobra robota, dziękuję!  https://t.co/ljIQMDkoYv";FALSE;5;NA;2015-05-03 17:07:37;FALSE;NA;594911201345273856;NA;<a href="http://twitter.com" rel="nofollow">Twitter Web Client</a>;M_Kowalski1;1;FALSE;FALSE;NA;NA;"Kowalski"
"Oto kolejna wersja billboard�w wielkoformatowych. http://t.co/Jubq9TyfOx";FALSE;79;NA;"2015-05-03 19:31:07";FALSE;NA;594947311681314816;NA;"<a href=http://twitter.com rel=nofollow>Twitter Web Client</a>";"JkmMikke";25;FALSE;FALSE;NA;NA;"KorwinMikke"
