"text";"favorited";"favoriteCount";"replyToSN";"created";"truncated";"replyToSID";"id";"replyToUID";"statusSource";"screenName";"retweetCount";"isRetweet";"retweeted";"longitude";"latitude";"lastname"
"Juz jest nagranie z TAK CZY NIE  https://t.co/8rN3johFGX  Wa...: Juz jest nagranie z TAK C... http://t.co/HwEBeCjL1B";FALSE;4;NA;"2014-02-06 21:47:34";FALSE;NA;431544722436272128;NA;"<a href=http://twitterfeed.com rel=nofollow>twitterfeed</a>";"korwinmikke";1;FALSE;FALSE;NA;NA;"Korwin"
"Przypominam, ze o 21:30 jestem w Polsat News w programie TAK CZY NIE  Tutaj peln...: Przypominam, ze o 21:30 j... http://t.co/ZpK1L71Xdv";FALSE;1;NA;"2014-02-06 19:46:00";FALSE;NA;431514131884036096;NA;"<a href=http://twitterfeed.com rel=nofollow>twitterfeed</a>";"korwinmikke";0;FALSE;FALSE;NA;NA;"Korwin"
"Dzis O 12.00 chat  czytany  na http://t.co/alA6gQrKYj  O 19.00 mozna mnie posluchac...: Dzis O 12.00 chat  czyt... http://t.co/wagUAPaZJz";FALSE;0;NA;"2014-02-06 09:48:47";FALSE;NA;431363834553438208;NA;"<a href=http://twitterfeed.com rel=nofollow>twitterfeed</a>";"korwinmikke";2;FALSE;FALSE;NA;NA;"Korwin"
"Juz jest nagranie z TAK CZY NIE  https://t.co/8rN3johFGX  Wa...: Juz jest nagranie z TAK C... http://t.co/HwEBeCjL1B";FALSE;4;NA;"2014-02-06 21:47:34";FALSE;NA;431544722436272128;NA;"<a href=http://twitterfeed.com rel=nofollow>twitterfeed</a>";"korwinmikke";1;FALSE;FALSE;NA;NA;"Korwin"
"Przypominam, ze o 21:30 jestem w Polsat News w programie TAK CZY NIE  Tutaj peln...: Przypominam, ze o 21:30 j... http://t.co/ZpK1L71Xdv";FALSE;1;NA;"2014-02-06 19:46:00";FALSE;NA;431514131884036096;NA;"<a href=http://twitterfeed.com rel=nofollow>twitterfeed</a>";"korwinmikke";0;FALSE;FALSE;NA;NA;"Korwin"
"Dzis O 12.00 chat  czytany  na http://t.co/alA6gQrKYj  O 19.00 mozna mnie posluchac...: Dzis O 12.00 chat  czyt... http://t.co/wagUAPaZJz";FALSE;0;NA;"2014-02-06 09:48:47";FALSE;NA;431363834553438208;NA;"<a href=http://twitterfeed.com rel=nofollow>twitterfeed</a>";"korwinmikke";2;FALSE;FALSE;NA;NA;"Korwin"
