"text";"favorited";"favoriteCount";"replyToSN";"created";"truncated";"replyToSID";"id";"replyToUID";"statusSource";"screenName";"retweetCount";"isRetweet";"retweeted";"longitude";"latitude";"lastname"
"Wspólnie z warszawiakami świętujemy Dzień Flagi Rzeczypospolitej Polskiej. Wielki tort czeka :-) http://t.co/BTSHk5KXJK";FALSE;2;NA;2015-05-02 13:36:38;FALSE;NA;594495714023047168;NA;<a href="http://twitter.com/download/android" rel="nofollow">Twitter for Android</a>;Komorowski;5;FALSE;FALSE;NA;NA;"Komorowski"
"Kiedyś pod biało-czerwoną walczyliśmy o wolność. Dziś pod tą samą flagą pracujemy na rzecz jej umacniania.";FALSE;10;NA;2015-05-02 10:13:33;FALSE;NA;594444610048491520;NA;<a href="http://twitter.com" rel="nofollow">Twitter Web Client</a>;Komorowski;7;FALSE;FALSE;NA;NA;"Komorowski"
"Dzień Flagi to dzień szczególny, bo chcemy cieszyć się biało-czerwoną - symbolem naszej wolności. Symbolem, który nas łączy.";FALSE;8;NA;2015-05-02 10:11:30;FALSE;NA;594444091448029185;NA;<a href="http://twitter.com" rel="nofollow">Twitter Web Client</a>;Komorowski;7;FALSE;FALSE;NA;NA;"Komorowski"
"Transmisja z obchodów Dnia Flagi Rzeczypospolitej Polskiej: https://t.co/4lerc4L81W";FALSE;4;NA;2015-05-02 10:05:14;FALSE;NA;594442515920596992;NA;<a href="http://twitter.com" rel="nofollow">Twitter Web Client</a>;Komorowski;1;FALSE;FALSE;NA;NA;"Komorowski"
"Razem świętujmy Dzień Flagi Rzeczypospolitej Polskiej. Wywieś flagę - pokaż dumę z Polski. http://t.co/LN1Rk7YA94";FALSE;19;NA;2015-05-02 09:11:50;FALSE;NA;594429075231506433;NA;<a href="http://twitter.com" rel="nofollow">Twitter Web Client</a>;Komorowski;8;FALSE;FALSE;NA;NA;"Komorowski"
"@vickyford @MayorofLondon Thank You Vicky and good luck!:-)";FALSE;1;vickyford;2015-05-02 20:11:14;FALSE;594562579881664512;594595019723517952;14691032;<a href="http://twitter.com/#!/download/ipad" rel="nofollow">Twitter for iPad</a>;AndrzejDuda;0;FALSE;FALSE;NA;NA;"Duda"
"@IzabelaPek Tak.";FALSE;1;IzabelaPek;2015-05-01 22:47:34;FALSE;594271318457061376;594271976568532992;2365658792;<a href="http://twitter.com/#!/download/ipad" rel="nofollow">Twitter for iPad</a>;AndrzejDuda;1;FALSE;FALSE;NA;NA;"Duda"
"@tweecik @AndrzejDuda2015 Kolacji nie jadam. Dzięki za troskę, to bardzo miłe. Damy radę!";FALSE;0;tweecik;2015-05-01 22:17:28;FALSE;594264074126544896;594264401252847616;2994694131;<a href="http://twitter.com/#!/download/ipad" rel="nofollow">Twitter for iPad</a>;AndrzejDuda;1;FALSE;FALSE;NA;NA;"Duda"
"@tweecik @AndrzejDuda2015 Sanok";FALSE;0;tweecik;2015-05-01 22:16:00;FALSE;594263680147169280;594264030589620224;2994694131;<a href="http://twitter.com/#!/download/ipad" rel="nofollow">Twitter for iPad</a>;AndrzejDuda;0;FALSE;FALSE;NA;NA;"Duda"
"@tweecik @AndrzejDuda2015 Zaraz jak dojadę do celu:-)";FALSE;0;tweecik;2015-05-01 22:13:47;FALSE;594262703973244928;594263471904129024;2994694131;<a href="http://twitter.com/#!/download/ipad" rel="nofollow">Twitter for iPad</a>;AndrzejDuda;0;FALSE;FALSE;NA;NA;"Duda"
"Wczorajsza majówka: Leszno, Turek, Kalisz. Dziś: Wronki – Olszynki, Piła, Jastrowie http://t.co/TriQd5jvvU http://t.co/pSHP5umBC0";FALSE;6;NA;2015-05-02 07:43:23;FALSE;NA;594406816987099136;NA;<a href="http://twitter.com" rel="nofollow">Twitter Web Client</a>;ogorekmagda;6;FALSE;FALSE;NA;NA;"Og?rek"
"Wywiad w programie  To był dzień  POLSAT NEWS. http://t.co/ch0lg7XjM4 http://t.co/GGZWM6tNzu";FALSE;17;NA;2015-05-02 06:14:51;FALSE;NA;594384536450007040;NA;<a href="http://twitter.com" rel="nofollow">Twitter Web Client</a>;ogorekmagda;6;FALSE;FALSE;NA;NA;"Og?rek"
"Dziekuje za świetne spotkania w Białymstoku , Tykocinie i Kiermusach! Jutro  o 11.00 w Warszawie przedstawię projekt konstytucji xxi wieku";FALSE;4;NA;2015-05-02 18:24:52;FALSE;NA;594568252593983488;NA;<a href="http://twitter.com/download/android" rel="nofollow">Twitter for Android</a>;Palikot_Janusz;3;FALSE;FALSE;NA;NA;"Palikot"
"Dziękuję za świetne spotkania w Białymstoku, Tykocinie i Kiermusach! Jutro o 11.00 w Warszawie przedstawię projekt Konstytucji XXI wieku";FALSE;9;NA;2015-05-02 18:11:35;FALSE;NA;594564907649126400;NA;<a href="http://twitter.com" rel="nofollow">Twitter Web Client</a>;Palikot_Janusz;6;FALSE;FALSE;NA;NA;"Palikot"
"Jak Duda chce kazania w kościele głosić to niech się zapisze do seminarium i zostanie księdzem . Stanowcze nie dla polityki w kościołach !";FALSE;76;NA;2015-05-02 15:21:39;FALSE;NA;594522145138581504;NA;<a href="http://twitter.com/download/android" rel="nofollow">Twitter for Android</a>;Palikot_Janusz;20;FALSE;FALSE;NA;NA;"Palikot"
"PBK proponuję patriotyzm celebry, a ja patriotyzm nowoczesny oparty o silną gospodarkę i kulturę http://t.co/Mjj95tGjHz";FALSE;15;NA;2015-05-02 10:52:57;FALSE;NA;594454525546725376;NA;<a href="http://twitter.com/download/android" rel="nofollow">Twitter for Android</a>;Palikot_Janusz;4;FALSE;FALSE;NA;NA;"Palikot"
"Dziś według PBK bezpieczeństwo zapewni nam silna armia i rezerwiści. To mit. Tylko silna gospodarka i kultura zapewnią Polsce pokój!";FALSE;25;NA;2015-05-02 10:18:04;FALSE;NA;594445742942617600;NA;<a href="http://itunes.apple.com/us/app/twitter/id409789998?mt=12" rel="nofollow">Twitter for Mac</a>;Palikot_Janusz;8;FALSE;FALSE;NA;NA;"Palikot"
"Proponuję patriotyzm nowoczesny, który polega na płaceniu podatków, budowaniu fabryk i tworzeniu nowoczesnych uniwersytetów.";FALSE;23;NA;2015-05-02 10:16:37;FALSE;NA;594445381691437056;NA;<a href="http://itunes.apple.com/us/app/twitter/id409789998?mt=12" rel="nofollow">Twitter for Mac</a>;Palikot_Janusz;11;FALSE;FALSE;NA;NA;"Palikot"
"Dojrzała czyli oparta o nowoczesny patriotyzm, a nie o rozlaną krew. Bo biało-czerwona nie musi być kolorem ofiary!";FALSE;12;NA;2015-05-02 10:15:41;FALSE;NA;594445143362695171;NA;<a href="http://itunes.apple.com/us/app/twitter/id409789998?mt=12" rel="nofollow">Twitter for Mac</a>;Palikot_Janusz;7;FALSE;FALSE;NA;NA;"Palikot"
"Teraz już ponad 20 lat żyjemy w wolnym kraju, warto wykonać wysiłek i sprawić żeby ta miłość była bardziej dojrzała.";FALSE;10;NA;2015-05-02 10:14:33;FALSE;NA;594444858875629568;NA;<a href="http://itunes.apple.com/us/app/twitter/id409789998?mt=12" rel="nofollow">Twitter for Mac</a>;Palikot_Janusz;5;FALSE;FALSE;NA;NA;"Palikot"
"My Polacy bardzo kochamy Polskę, często jednak miłością ślepą. Opartą na rzucaniu się z gołymi rękami na czołgi.";FALSE;385;NA;2015-05-02 10:13:13;FALSE;NA;594444523675189248;NA;<a href="http://itunes.apple.com/us/app/twitter/id409789998?mt=12" rel="nofollow">Twitter for Mac</a>;Palikot_Janusz;79;FALSE;FALSE;NA;NA;"Palikot"
"Biało-czerwona! http://t.co/mRKPhStOWJ http://t.co/NE2mDT36PK";FALSE;18;NA;2015-05-02 08:00:04;FALSE;NA;594411017100197888;NA;<a href="http://itunes.apple.com/us/app/twitter/id409789998?mt=12" rel="nofollow">Twitter for Mac</a>;Palikot_Janusz;7;FALSE;FALSE;NA;NA;"Palikot"
"@LigiaKrajewska czyli jestem.katolickim idiota";FALSE;0;LigiaKrajewska;2015-05-01 23:06:25;FALSE;594205579901546496;594276718325665793;328032986;<a href="http://twitter.com/download/android" rel="nofollow">Twitter for Android</a>;Palikot_Janusz;1;FALSE;FALSE;NA;NA;"Palikot"
"5/5 Wyegzekwowania od władz w Berlinie przyznania statusu mniejszości narodowej Polakom w Niemczech, którego pozbawił ich Adolf Hitler.";FALSE;3;NA;2015-05-02 12:49:53;FALSE;NA;594483949595992064;NA;<a href="http://twitter.com/download/iphone" rel="nofollow">Twitter for iPhone</a>;JarubasAdam;2;FALSE;FALSE;NA;NA;"Jarubas"
"3/5 Wyegzekwowania od władz ukraińskich zwrotu Polakom we Lwowie kościoła Św. Marii Magdaleny.";FALSE;4;NA;2015-05-02 12:45:58;FALSE;NA;594482966430121984;NA;<a href="http://twitter.com/download/iphone" rel="nofollow">Twitter for iPhone</a>;JarubasAdam;2;FALSE;FALSE;NA;NA;"Jarubas"
"2/5 Wyegzekwowania od władz litewskich równych praw dla Polaków z Wileńszczyzny (nazwy ulic, nazwiska, szkolnictwo, reprywatyzacja).";FALSE;5;NA;2015-05-02 12:44:19;FALSE;NA;594482551055634432;NA;<a href="http://twitter.com/download/iphone" rel="nofollow">Twitter for iPhone</a>;JarubasAdam;2;FALSE;FALSE;NA;NA;"Jarubas"
"1/5 Dziś dzień łączności z Polakami za granicą. Polska polityka zagraniczna musi być jak najszybciej skorygowana w nastepujacych kierunkach.";FALSE;2;NA;2015-05-02 12:42:56;FALSE;NA;594482203725275139;NA;<a href="http://twitter.com/download/iphone" rel="nofollow">Twitter for iPhone</a>;JarubasAdam;1;FALSE;FALSE;NA;NA;"Jarubas"
"Dzisiaj mnie poparł Mariusz Kozik, polski malarz, piewca husarii, ilustrator serii gier Total War #PotrafiszPolsko!! http://t.co/NHrgPEwCJC";FALSE;60;NA;2015-05-02 20:13:40;FALSE;NA;594595630825209856;NA;<a href="http://twitter.com" rel="nofollow">Twitter Web Client</a>;PrezydentKukiz;11;FALSE;FALSE;NA;NA;"Kukiz"
"#DumnaBogataPolska http://t.co/APFJpmp4Lq";FALSE;26;NA;"2015-05-02 16:53:10";FALSE;NA;594545175952777216;NA;"<a href=http://twitter.com rel=nofollow>Twitter Web Client</a>";"JkmMikke";7;FALSE;FALSE;NA;NA;"KorwinMikke"
"TRUCK KORWIN ONE ruszy� dzisiaj w Polsk�!  #DumnaBogataPolska http://t.co/JlhI1smZpS";FALSE;35;NA;"2015-05-02 12:44:17";FALSE;NA;594482541534523392;NA;"<a href=http://twitter.com rel=nofollow>Twitter Web Client</a>";"JkmMikke";9;FALSE;FALSE;NA;NA;"KorwinMikke"
