"text";"favorited";"favoriteCount";"replyToSN";"created";"truncated";"replyToSID";"id";"replyToUID";"statusSource";"screenName";"retweetCount";"isRetweet";"retweeted";"longitude";"latitude";"lastname"
"Jest juz nagranie z Polsat News To Byl Dzien  https://t.co/mJFVKXo3RQ...: Jest juz nagranie z Polsa... http://t.co/s17AA9n569";FALSE;1;NA;"2014-01-27 20:44:19";FALSE;NA;427904927864610816;NA;"<a href=http://twitterfeed.com rel=nofollow>twitterfeed</a>";"korwinmikke";1;FALSE;FALSE;NA;NA;"Korwin"
"Juz jest nagranie z Telewizja Superstacja  Tematy: Ukraina, Komisja ws. dzialaln...: Juz jest nagranie z Telew... http://t.co/27Lu0F8Mi7";FALSE;1;NA;"2014-01-27 18:09:59";FALSE;NA;427866086734700544;NA;"<a href=http://twitterfeed.com rel=nofollow>twitterfeed</a>";"korwinmikke";0;FALSE;FALSE;NA;NA;"Korwin"
"Jest juz nagranie za Szczecinka:  #1/4: http://t.co/YP5lvuaxol...: Jest juz nagranie za Szcze... http://t.co/MT6HO3u86z";FALSE;0;NA;"2014-01-27 15:49:46";FALSE;NA;427830801200185344;NA;"<a href=http://twitterfeed.com rel=nofollow>twitterfeed</a>";"korwinmikke";0;FALSE;FALSE;NA;NA;"Korwin"
"Dzisiaj o 14.15 bede w Radio POLSKA Live: http://t.co/MieRaPanEp O 17.40 bede w Su...: Dzisiaj o 14.15 bede w R... http://t.co/FXDVpl2gtw";FALSE;1;NA;"2014-01-27 11:03:27";FALSE;NA;427758746601660416;NA;"<a href=http://twitterfeed.com rel=nofollow>twitterfeed</a>";"korwinmikke";0;FALSE;FALSE;NA;NA;"Korwin"
"Jest OCZYWISTE, ze Prawo (w odr�znieniu od Lewa) nie moze dzialac wstecz, a uchw...: Jest OCZYWISTE, ze Prawo ... http://t.co/OWoT2lzjNw";FALSE;1;NA;"2014-01-27 07:32:02";FALSE;NA;427705543726071808;NA;"<a href=http://twitterfeed.com rel=nofollow>twitterfeed</a>";"korwinmikke";1;FALSE;FALSE;NA;NA;"Korwin"
"Oczywiscie, ze Dzien Wolnosci Podatkowej powinien byc w styczniu! Mozna to tera...: Oczywiscie, ze Dzien Wolno... http://t.co/u0PfrUXPe0";FALSE;1;NA;"2014-01-27 00:52:54";FALSE;NA;427605097581785088;NA;"<a href=http://twitterfeed.com rel=nofollow>twitterfeed</a>";"korwinmikke";0;FALSE;FALSE;NA;NA;"Korwin"
"Jest juz nagranie z Polsat News To Byl Dzien  https://t.co/mJFVKXo3RQ...: Jest juz nagranie z Polsa... http://t.co/s17AA9n569";FALSE;1;NA;"2014-01-27 20:44:19";FALSE;NA;427904927864610816;NA;"<a href=http://twitterfeed.com rel=nofollow>twitterfeed</a>";"korwinmikke";1;FALSE;FALSE;NA;NA;"Korwin"
"Juz jest nagranie z Telewizja Superstacja  Tematy: Ukraina, Komisja ws. dzialaln...: Juz jest nagranie z Telew... http://t.co/27Lu0F8Mi7";FALSE;1;NA;"2014-01-27 18:09:59";FALSE;NA;427866086734700544;NA;"<a href=http://twitterfeed.com rel=nofollow>twitterfeed</a>";"korwinmikke";0;FALSE;FALSE;NA;NA;"Korwin"
"Jest juz nagranie za Szczecinka:  #1/4: http://t.co/YP5lvuaxol...: Jest juz nagranie za Szcze... http://t.co/MT6HO3u86z";FALSE;0;NA;"2014-01-27 15:49:46";FALSE;NA;427830801200185344;NA;"<a href=http://twitterfeed.com rel=nofollow>twitterfeed</a>";"korwinmikke";0;FALSE;FALSE;NA;NA;"Korwin"
"Dzisiaj o 14.15 bede w Radio POLSKA Live: http://t.co/MieRaPanEp O 17.40 bede w Su...: Dzisiaj o 14.15 bede w R... http://t.co/FXDVpl2gtw";FALSE;1;NA;"2014-01-27 11:03:27";FALSE;NA;427758746601660416;NA;"<a href=http://twitterfeed.com rel=nofollow>twitterfeed</a>";"korwinmikke";0;FALSE;FALSE;NA;NA;"Korwin"
"Jest OCZYWISTE, ze Prawo (w odr�znieniu od Lewa) nie moze dzialac wstecz, a uchw...: Jest OCZYWISTE, ze Prawo ... http://t.co/OWoT2lzjNw";FALSE;1;NA;"2014-01-27 07:32:02";FALSE;NA;427705543726071808;NA;"<a href=http://twitterfeed.com rel=nofollow>twitterfeed</a>";"korwinmikke";1;FALSE;FALSE;NA;NA;"Korwin"
"Oczywiscie, ze Dzien Wolnosci Podatkowej powinien byc w styczniu! Mozna to tera...: Oczywiscie, ze Dzien Wolno... http://t.co/u0PfrUXPe0";FALSE;1;NA;"2014-01-27 00:52:54";FALSE;NA;427605097581785088;NA;"<a href=http://twitterfeed.com rel=nofollow>twitterfeed</a>";"korwinmikke";0;FALSE;FALSE;NA;NA;"Korwin"
