"text";"favorited";"favoriteCount";"replyToSN";"created";"truncated";"replyToSID";"id";"replyToUID";"statusSource";"screenName";"retweetCount";"isRetweet";"retweeted";"longitude";"latitude";"lastname"
"Watykan godzi USA i Kube http://t.co/1nMDhlmSqr";FALSE;3;NA;"2014-12-17 17:41:59";FALSE;NA;545272709018824704;NA;"<a href=http://twitter.com/#!/download/ipad rel=nofollow>Twitter for iPad</a>";"ogorekmagda";0;FALSE;FALSE;NA;NA;"Og�rek"
"@BStrzelczyk pieknie !";FALSE;0;"BStrzelczyk";"2014-12-17 14:25:15";FALSE;545222907824467968;545223199836106752;357706991;"<a href=http://twitter.com/#!/download/ipad rel=nofollow>Twitter for iPad</a>";"ogorekmagda";0;FALSE;FALSE;NA;NA;"Og�rek"
"Watykan godzi USA i Kube http://t.co/1nMDhlmSqr";FALSE;3;NA;"2014-12-17 17:41:59";FALSE;NA;545272709018824704;NA;"<a href=http://twitter.com/#!/download/ipad rel=nofollow>Twitter for iPad</a>";"ogorekmagda";0;FALSE;FALSE;NA;NA;"Og?rek"
"@BStrzelczyk pieknie !";FALSE;0;"BStrzelczyk";"2014-12-17 14:25:15";FALSE;545222907824467968;545223199836106752;357706991;"<a href=http://twitter.com/#!/download/ipad rel=nofollow>Twitter for iPad</a>";"ogorekmagda";0;FALSE;FALSE;NA;NA;"Og?rek"
