"text";"favorited";"favoriteCount";"replyToSN";"created";"truncated";"replyToSID";"id";"replyToUID";"statusSource";"screenName";"retweetCount";"isRetweet";"retweeted";"longitude";"latitude";"lastname"
"W normalnym panstwie istnieje Judykatura (Wladza sadownicza), Legislatura (Wladz...: W normalnym panstwie istn... http://t.co/rKBPwxDNqN";FALSE;3;NA;"2014-02-09 14:38:10";FALSE;NA;432523824504913920;NA;"<a href=http://twitterfeed.com rel=nofollow>twitterfeed</a>";"korwinmikke";3;FALSE;FALSE;NA;NA;"Korwin"
"Uwaga: SZCZECIN  W najblizszy wtorek demonstracja w/s przywr�cenia kary smierci!...: Uwaga: SZCZECIN  W najbli... http://t.co/bv9M2Y7qe8";FALSE;2;NA;"2014-02-09 09:10:58";FALSE;NA;432441483996581888;NA;"<a href=http://twitterfeed.com rel=nofollow>twitterfeed</a>";"korwinmikke";1;FALSE;FALSE;NA;NA;"Korwin"
"W normalnym panstwie istnieje Judykatura (Wladza sadownicza), Legislatura (Wladz...: W normalnym panstwie istn... http://t.co/rKBPwxDNqN";FALSE;3;NA;"2014-02-09 14:38:10";FALSE;NA;432523824504913920;NA;"<a href=http://twitterfeed.com rel=nofollow>twitterfeed</a>";"korwinmikke";3;FALSE;FALSE;NA;NA;"Korwin"
"Uwaga: SZCZECIN  W najblizszy wtorek demonstracja w/s przywr�cenia kary smierci!...: Uwaga: SZCZECIN  W najbli... http://t.co/bv9M2Y7qe8";FALSE;2;NA;"2014-02-09 09:10:58";FALSE;NA;432441483996581888;NA;"<a href=http://twitterfeed.com rel=nofollow>twitterfeed</a>";"korwinmikke";1;FALSE;FALSE;NA;NA;"Korwin"
