"text";"favorited";"favoriteCount";"replyToSN";"created";"truncated";"replyToSID";"id";"replyToUID";"statusSource";"screenName";"retweetCount";"isRetweet";"retweeted";"longitude";"latitude";"lastname"
"@jozwik_anna @sylwia_lugowska @ewa_radomska Cala przyjemnosc po mojej stronie. Dziekuje serdecznie za rozmowe! :-)";FALSE;7;"jozwik_anna";"2015-02-17 18:31:17";FALSE;567742589617856512;567753163487580160;1606014061;"<a href=http://twitter.com/download/iphone rel=nofollow>Twitter for iPhone</a>";"AndrzejDuda";0;FALSE;FALSE;NA;NA;"Duda"
"@szacki A bezrobocie jest wyzsze niz w 2007 roku. Ciekawe jak to sie stalo?";FALSE;8;"szacki";"2015-02-17 12:43:55";FALSE;567655361449324544;567665749024858112;43115223;"<a href=http://twitter.com/download/iphone rel=nofollow>Twitter for iPhone</a>";"AndrzejDuda";3;FALSE;FALSE;NA;NA;"Duda"
"@MichalFilipiak ;-)";FALSE;0;"MichalFilipiak";"2015-02-17 08:15:33";FALSE;567597886729617408;5,67598212367e+17;467414400;"<a href=http://twitter.com/download/iphone rel=nofollow>Twitter for iPhone</a>";"AndrzejDuda";0;FALSE;FALSE;NA;NA;"Duda"
"Juz za chwile  Polityka przy kawie  z p. Red. Serafin w TVP 1. Zapraszam :-)";FALSE;23;NA;"2015-02-17 07:04:46";FALSE;NA;567580396435800064;NA;"<a href=http://twitter.com/download/iphone rel=nofollow>Twitter for iPhone</a>";"AndrzejDuda";10;FALSE;FALSE;NA;NA;"Duda"
"@szacki Podobnie jak obyczajowo obowiazkowe jest ustapienie miejsca starszej osobie ;-)";FALSE;1;"szacki";"2015-02-17 16:57:48";FALSE;567696498587344896;567729637552574464;43115223;"<a href=http://twitter.com/download/iphone rel=nofollow>Twitter for iPhone</a>";"JarubasAdam";2;FALSE;FALSE;NA;NA;"Jarubas"
"2/2  W drugi weekend po rejestracji kand. przez PKW oraz w ostatni weekend przed I tura. Zakonczmy konstruktywnie jalowa debate o debatach.";FALSE;6;NA;"2015-02-17 14:42:58";FALSE;NA;567695707369635840;NA;"<a href=http://twitter.com/download/iphone rel=nofollow>Twitter for iPhone</a>";"JarubasAdam";4;FALSE;FALSE;NA;NA;"Jarubas"
"1/2 Proponuje wprowadzenie poczawszy od obecnej kampanii prezydenckiej obyczaju obowiazkowych debat dla wszystkich startujacych kandydat�w.";FALSE;7;NA;"2015-02-17 14:42:28";FALSE;NA;567695580185759744;NA;"<a href=http://twitter.com/download/iphone rel=nofollow>Twitter for iPhone</a>";"JarubasAdam";8;FALSE;FALSE;NA;NA;"Jarubas"
"Jak zakonczyc konstruktywnie debate o debatach? Za kilka chwil zapraszam na briefing w sejmie.";FALSE;5;NA;"2015-02-17 11:14:26";FALSE;NA;567643226287640576;NA;"<a href=http://twitter.com/download/iphone rel=nofollow>Twitter for iPhone</a>";"JarubasAdam";2;FALSE;FALSE;NA;NA;"Jarubas"
"O 7.40 bede gosciem @tvp_info. Zapraszam.";FALSE;5;NA;"2015-02-17 06:13:53";FALSE;NA;567567590458155008;NA;"<a href=http://twitter.com/download/iphone rel=nofollow>Twitter for iPhone</a>";"JarubasAdam";3;FALSE;FALSE;NA;NA;"Jarubas"
"Co z TVP, placa minimalna? Jakie beda moje pierwsze projekty ustaw? Tu odpowiedz https://t.co/IWXahRdySH";FALSE;8;NA;"2015-02-17 15:00:38";FALSE;NA;567700151805161472;NA;"<a href=http://twitter.com rel=nofollow>Twitter Web Client</a>";"M_Kowalski1";4;FALSE;FALSE;NA;NA;"Kowalski"
"@jozwik_anna @sylwia_lugowska @ewa_radomska Cala przyjemnosc po mojej stronie. Dziekuje serdecznie za rozmowe! :-)";FALSE;7;"jozwik_anna";"2015-02-17 18:31:17";FALSE;567742589617856512;567753163487580160;1606014061;"<a href=http://twitter.com/download/iphone rel=nofollow>Twitter for iPhone</a>";"AndrzejDuda";0;FALSE;FALSE;NA;NA;"Duda"
"@szacki A bezrobocie jest wyzsze niz w 2007 roku. Ciekawe jak to sie stalo?";FALSE;8;"szacki";"2015-02-17 12:43:55";FALSE;567655361449324544;567665749024858112;43115223;"<a href=http://twitter.com/download/iphone rel=nofollow>Twitter for iPhone</a>";"AndrzejDuda";3;FALSE;FALSE;NA;NA;"Duda"
"@MichalFilipiak ;-)";FALSE;0;"MichalFilipiak";"2015-02-17 08:15:33";FALSE;567597886729617408;5,67598212367e+17;467414400;"<a href=http://twitter.com/download/iphone rel=nofollow>Twitter for iPhone</a>";"AndrzejDuda";0;FALSE;FALSE;NA;NA;"Duda"
"Juz za chwile  Polityka przy kawie  z p. Red. Serafin w TVP 1. Zapraszam :-)";FALSE;23;NA;"2015-02-17 07:04:46";FALSE;NA;567580396435800064;NA;"<a href=http://twitter.com/download/iphone rel=nofollow>Twitter for iPhone</a>";"AndrzejDuda";10;FALSE;FALSE;NA;NA;"Duda"
"@szacki Podobnie jak obyczajowo obowiazkowe jest ustapienie miejsca starszej osobie ;-)";FALSE;1;"szacki";"2015-02-17 16:57:48";FALSE;567696498587344896;567729637552574464;43115223;"<a href=http://twitter.com/download/iphone rel=nofollow>Twitter for iPhone</a>";"JarubasAdam";2;FALSE;FALSE;NA;NA;"Jarubas"
"2/2  W drugi weekend po rejestracji kand. przez PKW oraz w ostatni weekend przed I tura. Zakonczmy konstruktywnie jalowa debate o debatach.";FALSE;6;NA;"2015-02-17 14:42:58";FALSE;NA;567695707369635840;NA;"<a href=http://twitter.com/download/iphone rel=nofollow>Twitter for iPhone</a>";"JarubasAdam";4;FALSE;FALSE;NA;NA;"Jarubas"
"1/2 Proponuje wprowadzenie poczawszy od obecnej kampanii prezydenckiej obyczaju obowiazkowych debat dla wszystkich startujacych kandydat�w.";FALSE;7;NA;"2015-02-17 14:42:28";FALSE;NA;567695580185759744;NA;"<a href=http://twitter.com/download/iphone rel=nofollow>Twitter for iPhone</a>";"JarubasAdam";8;FALSE;FALSE;NA;NA;"Jarubas"
"Jak zakonczyc konstruktywnie debate o debatach? Za kilka chwil zapraszam na briefing w sejmie.";FALSE;5;NA;"2015-02-17 11:14:26";FALSE;NA;567643226287640576;NA;"<a href=http://twitter.com/download/iphone rel=nofollow>Twitter for iPhone</a>";"JarubasAdam";2;FALSE;FALSE;NA;NA;"Jarubas"
"O 7.40 bede gosciem @tvp_info. Zapraszam.";FALSE;5;NA;"2015-02-17 06:13:53";FALSE;NA;567567590458155008;NA;"<a href=http://twitter.com/download/iphone rel=nofollow>Twitter for iPhone</a>";"JarubasAdam";3;FALSE;FALSE;NA;NA;"Jarubas"
"Co z TVP, placa minimalna? Jakie beda moje pierwsze projekty ustaw? Tu odpowiedz https://t.co/IWXahRdySH";FALSE;8;NA;"2015-02-17 15:00:38";FALSE;NA;567700151805161472;NA;"<a href=http://twitter.com rel=nofollow>Twitter Web Client</a>";"M_Kowalski1";4;FALSE;FALSE;NA;NA;"Kowalski"
