"text";"favorited";"favoriteCount";"replyToSN";"created";"truncated";"replyToSID";"id";"replyToUID";"statusSource";"screenName";"retweetCount";"isRetweet";"retweeted";"longitude";"latitude";"lastname"
"Ech, ci politolodzy:  P.Antoni Dudek bardzo starannie tlumaczy, dlaczego w wybor...: Ech, ci politolodzy:  P.A... http://t.co/IzjPjsgckw";FALSE;3;NA;"2014-02-14 17:20:40";FALSE;NA;434376660620566528;NA;"<a href=http://twitterfeed.com rel=nofollow>twitterfeed</a>";"korwinmikke";4;FALSE;FALSE;NA;NA;"Korwin"
"P.Piotr Zygadlo napisal, ze nie jest dobrze, bo �Najnowsze sondaze pokazuja, ze...: P.Piotr Zygadlo napisal, z... http://t.co/M1IYR12A3B";FALSE;1;NA;"2014-02-14 12:26:00";FALSE;NA;434302504390492160;NA;"<a href=http://twitterfeed.com rel=nofollow>twitterfeed</a>";"korwinmikke";1;FALSE;FALSE;NA;NA;"Korwin"
"Echa z manifestacji w Szczecinie  http://t.co/BMmtBXhWhC...: Echa z manifestacji w Szc... http://t.co/5O4kKmbOhK";FALSE;0;NA;"2014-02-14 00:11:39";FALSE;NA;434117696397918208;NA;"<a href=http://twitterfeed.com rel=nofollow>twitterfeed</a>";"korwinmikke";1;FALSE;FALSE;NA;NA;"Korwin"
"Ech, ci politolodzy:  P.Antoni Dudek bardzo starannie tlumaczy, dlaczego w wybor...: Ech, ci politolodzy:  P.A... http://t.co/IzjPjsgckw";FALSE;3;NA;"2014-02-14 17:20:40";FALSE;NA;434376660620566528;NA;"<a href=http://twitterfeed.com rel=nofollow>twitterfeed</a>";"korwinmikke";4;FALSE;FALSE;NA;NA;"Korwin"
"P.Piotr Zygadlo napisal, ze nie jest dobrze, bo �Najnowsze sondaze pokazuja, ze...: P.Piotr Zygadlo napisal, z... http://t.co/M1IYR12A3B";FALSE;1;NA;"2014-02-14 12:26:00";FALSE;NA;434302504390492160;NA;"<a href=http://twitterfeed.com rel=nofollow>twitterfeed</a>";"korwinmikke";1;FALSE;FALSE;NA;NA;"Korwin"
"Echa z manifestacji w Szczecinie  http://t.co/BMmtBXhWhC...: Echa z manifestacji w Szc... http://t.co/5O4kKmbOhK";FALSE;0;NA;"2014-02-14 00:11:39";FALSE;NA;434117696397918208;NA;"<a href=http://twitterfeed.com rel=nofollow>twitterfeed</a>";"korwinmikke";1;FALSE;FALSE;NA;NA;"Korwin"
