"text";"favorited";"favoriteCount";"replyToSN";"created";"truncated";"replyToSID";"id";"replyToUID";"statusSource";"screenName";"retweetCount";"isRetweet";"retweeted";"longitude";"latitude";"lastname"
"Jest juz zapis dzisiejszej audycji:  Mlodziez kontra  https://t.co/xqRwZwDiPg...: Jest juz zapis dzisiejsze... http://t.co/GOsqwNT8b9";FALSE;0;NA;"2014-02-02 16:07:22";FALSE;NA;430009556890972160;NA;"<a href=http://twitterfeed.com rel=nofollow>twitterfeed</a>";"korwinmikke";1;FALSE;FALSE;NA;NA;"Korwin"
"Mam pytanie z semantyki. Jesli podpisalem z'obowiazanie, ze zaplace komus 100 zl...: Mam pytanie z semantyki. ... http://t.co/dzvT4aBxTs";FALSE;0;NA;"2014-02-02 14:20:42";FALSE;NA;429982716356882432;NA;"<a href=http://twitterfeed.com rel=nofollow>twitterfeed</a>";"korwinmikke";0;FALSE;FALSE;NA;NA;"Korwin"
"Jest juz zapis dzisiejszej audycji:  Mlodziez kontra  https://t.co/xqRwZwDiPg...: Jest juz zapis dzisiejsze... http://t.co/GOsqwNT8b9";FALSE;0;NA;"2014-02-02 16:07:22";FALSE;NA;430009556890972160;NA;"<a href=http://twitterfeed.com rel=nofollow>twitterfeed</a>";"korwinmikke";1;FALSE;FALSE;NA;NA;"Korwin"
"Mam pytanie z semantyki. Jesli podpisalem z'obowiazanie, ze zaplace komus 100 zl...: Mam pytanie z semantyki. ... http://t.co/dzvT4aBxTs";FALSE;0;NA;"2014-02-02 14:20:42";FALSE;NA;429982716356882432;NA;"<a href=http://twitterfeed.com rel=nofollow>twitterfeed</a>";"korwinmikke";0;FALSE;FALSE;NA;NA;"Korwin"
