"text";"favorited";"favoriteCount";"replyToSN";"created";"truncated";"replyToSID";"id";"replyToUID";"statusSource";"screenName";"retweetCount";"isRetweet";"retweeted";"longitude";"latitude";"lastname"
"Jesli jeszcze ktos nie widzial nagrania z dzisiejszej konferencji: https://www.y...: Jesli jeszcze ktos nie wi... http://t.co/lYai8k4lFt";FALSE;1;NA;"2014-02-13 19:32:43";FALSE;NA;434047501214023680;NA;"<a href=http://twitterfeed.com rel=nofollow>twitterfeed</a>";"korwinmikke";1;FALSE;FALSE;NA;NA;"Korwin"
"Tu przyzwoite sprawozdanie z inauguracyjnej konferencji prasowej: �NOWA PRAWICA...: Tu przyzwoite sprawozdanie... http://t.co/cECJtG5fv8";FALSE;0;NA;"2014-02-13 18:10:23";FALSE;NA;434026781142560768;NA;"<a href=http://twitterfeed.com rel=nofollow>twitterfeed</a>";"korwinmikke";1;FALSE;FALSE;NA;NA;"Korwin"
"Z uwagi na konferencje prasowa chat z godz. 12tej odbedzie sie o 19.00. Tak, rze...: Z uwagi na konferencje pr... http://t.co/iWSCpcyq3y";FALSE;0;NA;"2014-02-13 10:41:18";FALSE;NA;433913768586653696;NA;"<a href=http://twitterfeed.com rel=nofollow>twitterfeed</a>";"korwinmikke";1;FALSE;FALSE;NA;NA;"Korwin"
"Jakies 20 lat temu dyskutowalem w jakims radio z p.Ryszardem Bugajem (skrajny le...: Jakies 20 lat temu dyskut... http://t.co/TbuKb9dWAc";FALSE;2;NA;"2014-02-13 09:14:13";FALSE;NA;433891850517090304;NA;"<a href=http://twitterfeed.com rel=nofollow>twitterfeed</a>";"korwinmikke";2;FALSE;FALSE;NA;NA;"Korwin"
"Plan spotkan na najblizsze dni: - OSTROLEKA, 15.02, godzina 16:00: https://www.f...: Plan spotkan na najblizsz... http://t.co/uVFYUb3zHM";FALSE;1;NA;"2014-02-13 06:34:11";FALSE;NA;433851578974347264;NA;"<a href=http://twitterfeed.com rel=nofollow>twitterfeed</a>";"korwinmikke";2;FALSE;FALSE;NA;NA;"Korwin"
"Jesli jeszcze ktos nie widzial nagrania z dzisiejszej konferencji: https://www.y...: Jesli jeszcze ktos nie wi... http://t.co/lYai8k4lFt";FALSE;1;NA;"2014-02-13 19:32:43";FALSE;NA;434047501214023680;NA;"<a href=http://twitterfeed.com rel=nofollow>twitterfeed</a>";"korwinmikke";1;FALSE;FALSE;NA;NA;"Korwin"
"Tu przyzwoite sprawozdanie z inauguracyjnej konferencji prasowej: �NOWA PRAWICA...: Tu przyzwoite sprawozdanie... http://t.co/cECJtG5fv8";FALSE;0;NA;"2014-02-13 18:10:23";FALSE;NA;434026781142560768;NA;"<a href=http://twitterfeed.com rel=nofollow>twitterfeed</a>";"korwinmikke";1;FALSE;FALSE;NA;NA;"Korwin"
"Z uwagi na konferencje prasowa chat z godz. 12tej odbedzie sie o 19.00. Tak, rze...: Z uwagi na konferencje pr... http://t.co/iWSCpcyq3y";FALSE;0;NA;"2014-02-13 10:41:18";FALSE;NA;433913768586653696;NA;"<a href=http://twitterfeed.com rel=nofollow>twitterfeed</a>";"korwinmikke";1;FALSE;FALSE;NA;NA;"Korwin"
"Jakies 20 lat temu dyskutowalem w jakims radio z p.Ryszardem Bugajem (skrajny le...: Jakies 20 lat temu dyskut... http://t.co/TbuKb9dWAc";FALSE;2;NA;"2014-02-13 09:14:13";FALSE;NA;433891850517090304;NA;"<a href=http://twitterfeed.com rel=nofollow>twitterfeed</a>";"korwinmikke";2;FALSE;FALSE;NA;NA;"Korwin"
"Plan spotkan na najblizsze dni: - OSTROLEKA, 15.02, godzina 16:00: https://www.f...: Plan spotkan na najblizsz... http://t.co/uVFYUb3zHM";FALSE;1;NA;"2014-02-13 06:34:11";FALSE;NA;433851578974347264;NA;"<a href=http://twitterfeed.com rel=nofollow>twitterfeed</a>";"korwinmikke";2;FALSE;FALSE;NA;NA;"Korwin"
