"text";"favorited";"favoriteCount";"replyToSN";"created";"truncated";"replyToSID";"id";"replyToUID";"statusSource";"screenName";"retweetCount";"isRetweet";"retweeted";"longitude";"latitude";"lastname"
"Przepraszam: Zary nie leza na Ziemi Lubuskiej, lecz na Luzycach; od razu przypom...: Przepraszam: Zary nie lez... http://t.co/hD1EB5KUdF";FALSE;0;NA;"2014-02-20 23:08:40";FALSE;NA;436638564067979264;NA;"<a href=http://twitterfeed.com rel=nofollow>twitterfeed</a>";"korwinmikke";2;FALSE;FALSE;NA;NA;"Korwin"
"Solenny artykul o Ukrainie: http://t.co/UfL19FFUeB...: Solenny artykul o Ukraini... http://t.co/ympVQWGcFV";FALSE;6;NA;"2014-02-20 15:03:41";FALSE;NA;436516512686305280;NA;"<a href=http://twitterfeed.com rel=nofollow>twitterfeed</a>";"korwinmikke";3;FALSE;FALSE;NA;NA;"Korwin"
"Uwaga!!! O godz. 15:00 na Ukrainie zostanie wprowadzony Stan Wyjatkowy i zostani...: Uwaga!!! O godz. 15:00 na... http://t.co/ZsKzWm1EzW";FALSE;1;NA;"2014-02-20 13:35:21";FALSE;NA;436494285316186112;NA;"<a href=http://twitterfeed.com rel=nofollow>twitterfeed</a>";"korwinmikke";2;FALSE;FALSE;NA;NA;"Korwin"
"Dawniej wladcy starali sie poddanym zapewnic korzystne warunki zycia - po to by...: Dawniej wladcy starali sie... http://t.co/z5r1ZPYuii";FALSE;2;NA;"2014-02-20 08:46:39";FALSE;NA;436421630923776000;NA;"<a href=http://twitterfeed.com rel=nofollow>twitterfeed</a>";"korwinmikke";5;FALSE;FALSE;NA;NA;"Korwin"
"Przepraszam: Zary nie leza na Ziemi Lubuskiej, lecz na Luzycach; od razu przypom...: Przepraszam: Zary nie lez... http://t.co/hD1EB5KUdF";FALSE;0;NA;"2014-02-20 23:08:40";FALSE;NA;436638564067979264;NA;"<a href=http://twitterfeed.com rel=nofollow>twitterfeed</a>";"korwinmikke";2;FALSE;FALSE;NA;NA;"Korwin"
"Solenny artykul o Ukrainie: http://t.co/UfL19FFUeB...: Solenny artykul o Ukraini... http://t.co/ympVQWGcFV";FALSE;6;NA;"2014-02-20 15:03:41";FALSE;NA;436516512686305280;NA;"<a href=http://twitterfeed.com rel=nofollow>twitterfeed</a>";"korwinmikke";3;FALSE;FALSE;NA;NA;"Korwin"
"Uwaga!!! O godz. 15:00 na Ukrainie zostanie wprowadzony Stan Wyjatkowy i zostani...: Uwaga!!! O godz. 15:00 na... http://t.co/ZsKzWm1EzW";FALSE;1;NA;"2014-02-20 13:35:21";FALSE;NA;436494285316186112;NA;"<a href=http://twitterfeed.com rel=nofollow>twitterfeed</a>";"korwinmikke";2;FALSE;FALSE;NA;NA;"Korwin"
"Dawniej wladcy starali sie poddanym zapewnic korzystne warunki zycia - po to by...: Dawniej wladcy starali sie... http://t.co/z5r1ZPYuii";FALSE;2;NA;"2014-02-20 08:46:39";FALSE;NA;436421630923776000;NA;"<a href=http://twitterfeed.com rel=nofollow>twitterfeed</a>";"korwinmikke";5;FALSE;FALSE;NA;NA;"Korwin"
