"text";"favorited";"favoriteCount";"replyToSN";"created";"truncated";"replyToSID";"id";"replyToUID";"statusSource";"screenName";"retweetCount";"isRetweet";"retweeted";"longitude";"latitude";"lastname"
"Dobra: wybory ogloszone w Dzienniku Ustaw, zaczynamy zbierac podpisy - na razie...: Dobra: wybory ogloszone w ... http://t.co/vXVDECAqGI";FALSE;31;NA;"2014-02-25 09:33:30";FALSE;NA;438245358695510016;NA;"<a href=http://twitterfeed.com rel=nofollow>twitterfeed</a>";"korwinmikke";10;FALSE;FALSE;NA;NA;"Korwin"
"Plan spotkan na najblizsze dni: KOSCIERZYNA, 25.02, godz. 16:00, Kino Remus, ul....: Plan spotkan na najblizsz... http://t.co/AhHIgJZkc7";FALSE;15;NA;"2014-02-25 05:30:29";FALSE;NA;438184202035425280;NA;"<a href=http://twitterfeed.com rel=nofollow>twitterfeed</a>";"korwinmikke";8;FALSE;FALSE;NA;NA;"Korwin"
"Dobra: wybory ogloszone w Dzienniku Ustaw, zaczynamy zbierac podpisy - na razie...: Dobra: wybory ogloszone w ... http://t.co/vXVDECAqGI";FALSE;31;NA;"2014-02-25 09:33:30";FALSE;NA;438245358695510016;NA;"<a href=http://twitterfeed.com rel=nofollow>twitterfeed</a>";"korwinmikke";10;FALSE;FALSE;NA;NA;"Korwin"
"Plan spotkan na najblizsze dni: KOSCIERZYNA, 25.02, godz. 16:00, Kino Remus, ul....: Plan spotkan na najblizsz... http://t.co/AhHIgJZkc7";FALSE;15;NA;"2014-02-25 05:30:29";FALSE;NA;438184202035425280;NA;"<a href=http://twitterfeed.com rel=nofollow>twitterfeed</a>";"korwinmikke";8;FALSE;FALSE;NA;NA;"Korwin"
