"text";"favorited";"favoriteCount";"replyToSN";"created";"truncated";"replyToSID";"id";"replyToUID";"statusSource";"screenName";"retweetCount";"isRetweet";"retweeted";"longitude";"latitude";"lastname"
"Jutro o 20.00 chat  odpytywany  na nptv.pl  A tu wywiad, kt�ry udzielilem p.Luk...: Jutro o 20.00 chat  odpyty... http://t.co/JVw9WSe5C8";FALSE;1;NA;"2014-01-25 20:28:59";FALSE;NA;427176292203511808;NA;"<a href=http://twitterfeed.com rel=nofollow>twitterfeed</a>";"korwinmikke";0;FALSE;FALSE;NA;NA;"Korwin"
"Juz 210.000 ludzi zajrzalo na wpis o  problemie Trynkiewicza . Dla zainteresowan...: Juz 210.000 ludzi zajrzal... http://t.co/nzWpixMtIT";FALSE;1;NA;"2014-01-25 15:07:13";FALSE;NA;427095318757261312;NA;"<a href=http://twitterfeed.com rel=nofollow>twitterfeed</a>";"korwinmikke";0;FALSE;FALSE;NA;NA;"Korwin"
"Kilka dni temu przyznalem, ze w wielu swietnie rozwijajacych sie krajach tramwaj...: Kilka dni temu przyznalem... http://t.co/oF6ds6dzyG";FALSE;1;NA;"2014-01-25 08:47:26";FALSE;NA;426999741235216384;NA;"<a href=http://twitterfeed.com rel=nofollow>twitterfeed</a>";"korwinmikke";2;FALSE;FALSE;NA;NA;"Korwin"
"Jutro o 20.00 chat  odpytywany  na nptv.pl  A tu wywiad, kt�ry udzielilem p.Luk...: Jutro o 20.00 chat  odpyty... http://t.co/JVw9WSe5C8";FALSE;1;NA;"2014-01-25 20:28:59";FALSE;NA;427176292203511808;NA;"<a href=http://twitterfeed.com rel=nofollow>twitterfeed</a>";"korwinmikke";0;FALSE;FALSE;NA;NA;"Korwin"
"Juz 210.000 ludzi zajrzalo na wpis o  problemie Trynkiewicza . Dla zainteresowan...: Juz 210.000 ludzi zajrzal... http://t.co/nzWpixMtIT";FALSE;1;NA;"2014-01-25 15:07:13";FALSE;NA;427095318757261312;NA;"<a href=http://twitterfeed.com rel=nofollow>twitterfeed</a>";"korwinmikke";0;FALSE;FALSE;NA;NA;"Korwin"
"Kilka dni temu przyznalem, ze w wielu swietnie rozwijajacych sie krajach tramwaj...: Kilka dni temu przyznalem... http://t.co/oF6ds6dzyG";FALSE;1;NA;"2014-01-25 08:47:26";FALSE;NA;426999741235216384;NA;"<a href=http://twitterfeed.com rel=nofollow>twitterfeed</a>";"korwinmikke";2;FALSE;FALSE;NA;NA;"Korwin"
