"text";"favorited";"favoriteCount";"replyToSN";"created";"truncated";"replyToSID";"id";"replyToUID";"statusSource";"screenName";"retweetCount";"isRetweet";"retweeted";"longitude";"latitude";"lastname"
"Zapraszam. https://t.co/ZxsBPV3epC";FALSE;6;NA;2015-05-04 05:13:18;FALSE;NA;595093824046764032;NA;<a href="http://twitter.com" rel="nofollow">Twitter Web Client</a>;Komorowski;2;FALSE;FALSE;NA;NA;"Komorowski"
"@AleksandraDyjak @twitkcg :-)";FALSE;2;AleksandraDyjak;2015-05-04 21:59:01;FALSE;595267912254017536;595346919368589314;861670910;<a href="http://twitter.com/#!/download/ipad" rel="nofollow">Twitter for iPad</a>;AndrzejDuda;1;FALSE;FALSE;NA;NA;"Duda"
"List otwarty W. Olewnika do PBK: http://t.co/xsDZGepQlP";FALSE;17;NA;2015-05-04 15:25:21;FALSE;NA;595247850004557824;NA;<a href="http://twitter.com/#!/download/ipad" rel="nofollow">Twitter for iPad</a>;AndrzejDuda;29;FALSE;FALSE;NA;NA;"Duda"
"@Konrad_Sawicki Nie pisałem dziś żadnych tłitów. Ten jest pierwszy. Pozdrawiam.";FALSE;6;Konrad_Sawicki;2015-05-04 14:29:08;FALSE;595231704740147200;595233705171496960;346515864;<a href="http://twitter.com/#!/download/ipad" rel="nofollow">Twitter for iPad</a>;AndrzejDuda;0;FALSE;FALSE;NA;NA;"Duda"
"Oświadczenie mojej żony Moniki: https://t.co/ONd6PgFMOL";FALSE;10;NA;2015-05-04 18:00:42;FALSE;NA;595286944776658945;NA;<a href="http://twitter.com" rel="nofollow">Twitter Web Client</a>;Palikot_Janusz;6;FALSE;FALSE;NA;NA;"Palikot"
"Panie Duda!  https://t.co/Bdh13kWhaj  #palikot2015";FALSE;16;NA;2015-05-04 06:18:11;FALSE;NA;595110151973171200;NA;<a href="http://twitter.com/download/android" rel="nofollow">Twitter for Android</a>;Palikot_Janusz;7;FALSE;FALSE;NA;NA;"Palikot"
"Media znów  zapomniały , że została zaprezentowana Nowa Konst.: likwidacja Senatu,zmniejszenie liczby posłów i wypowiedzenie konkordatu!";FALSE;18;NA;2015-05-04 06:11:46;FALSE;NA;595108538210459648;NA;<a href="http://twitter.com/download/android" rel="nofollow">Twitter for Android</a>;Palikot_Janusz;7;FALSE;FALSE;NA;NA;"Palikot"
"Dziś odpowiadałem na pytania słuchaczy w Radio Zet. http://t.co/DVHz1nlmLl";FALSE;7;NA;2015-05-04 11:06:59;FALSE;NA;595182830352769024;NA;<a href="http://twitter.com/download/iphone" rel="nofollow">Twitter for iPhone</a>;JarubasAdam;7;FALSE;FALSE;NA;NA;"Jarubas"
"Przesłanie 3 Majowe z Tatr. Spotkanie z góralami na Kasprowym Wierchu. Polecam :) http://t.co/651JYoUSYT";FALSE;1;NA;2015-05-04 07:13:21;FALSE;NA;595124034599260161;NA;<a href="http://www.apple.com" rel="nofollow">iOS</a>;JarubasAdam;0;FALSE;FALSE;NA;NA;"Jarubas"
"Wszystkim Maturzystom życzę dziś połamania piór! Powodzenia.";FALSE;4;NA;2015-05-04 05:32:45;FALSE;NA;595098716324921344;NA;<a href="http://twitter.com/download/iphone" rel="nofollow">Twitter for iPhone</a>;JarubasAdam;0;FALSE;FALSE;NA;NA;"Jarubas"
"@MCwiek4 Mają w nosie bo przy obecnej ordynacji nie mają wpływu na polityków i koło się zamyka. JOW to naprawdę zmiana jakościowa.";FALSE;5;MCwiek4;2015-05-04 12:14:16;FALSE;595199388701630464;595199763680784384;2282663852;<a href="http://tapbots.com/software/tweetbot/mac" rel="nofollow">Tweetbot for Mac</a>;PrezydentKukiz;0;FALSE;FALSE;NA;NA;"Kukiz"
"@MCwiek4 To właśnie zapewnia ordynacja. Wybór parlamentarzysty zależy od mieszkańców okręgu a nie miejsca na liście nadanego przez wodza.";FALSE;2;MCwiek4;2015-05-04 12:10:26;FALSE;595197940379049984;595198797174702080;2282663852;<a href="http://tapbots.com/software/tweetbot/mac" rel="nofollow">Tweetbot for Mac</a>;PrezydentKukiz;0;FALSE;FALSE;NA;NA;"Kukiz"
"@MCwiek4 @ZbigniewHoldys To również obywatelski charakter partii w miejsce wodzowskiej patologii";FALSE;2;MCwiek4;2015-05-04 12:06:28;FALSE;595196589121081344;595197800801001472;2282663852;<a href="http://tapbots.com/software/tweetbot/mac" rel="nofollow">Tweetbot for Mac</a>;PrezydentKukiz;1;FALSE;FALSE;NA;NA;"Kukiz"
"@ZbigniewHoldys A czym różni się „moja” wersja JOWów od „Twojej”?";FALSE;3;ZbigniewHoldys;2015-05-04 11:47:21;FALSE;595156130755665921;595192990060130304;139741256;<a href="http://tapbots.com/software/tweetbot/mac" rel="nofollow">Tweetbot for Mac</a>;PrezydentKukiz;0;FALSE;FALSE;NA;NA;"Kukiz"
"@wirtualnapolska już wie... To czym Wy wiecie od dawna... Idziemy po zwycięstwo ;))  #PotrafiszPolsko!! http://t.co/Bt0ZH49ZRF";FALSE;1;wirtualnapolska;2015-05-04 10:27:30;FALSE;NA;595172895225176066;68277403;<a href="http://twitter.com" rel="nofollow">Twitter Web Client</a>;PrezydentKukiz;1;FALSE;FALSE;NA;NA;"Kukiz"
"http://t.co/AjR2WeKnaV Młody człowiek z @natematpl wydaje się zaczynać rozumieć o co chodzi w #PolitykaCookiez #PotrafiszPolsko!!!";FALSE;14;NA;2015-05-04 09:23:10;FALSE;NA;595156704888811520;NA;<a href="http://twitter.com" rel="nofollow">Twitter Web Client</a>;PrezydentKukiz;12;FALSE;FALSE;NA;NA;"Kukiz"
"Za kilka minut w RDC @rdcpolskieradio porozmawiamy o ideach, postulatach i formach Parad Równości. Polecam.";FALSE;5;NA;2015-05-04 20:54:16;FALSE;NA;595330624086507520;NA;<a href="http://twitter.com" rel="nofollow">Twitter Web Client</a>;AnnaGrodzka;1;FALSE;FALSE;NA;NA;"Grodzka"
"Świetna #Tadla. @AndrzejDuda wije się jak piskorz, ale i tak widać, że gada androny @tvp_info";FALSE;9;NA;2015-05-04 18:13:59;FALSE;NA;595290287498493954;NA;<a href="http://twitter.com" rel="nofollow">Twitter Web Client</a>;WandaNowicka;3;FALSE;FALSE;NA;NA;"Nowicka"
"Dzisiaj o godz. 16.15 będę gościem Piotra Najsztuba w programie  Prawda nas zaboli  w Radiu TOK FM. Serdecznie zapraszam.";FALSE;2;NA;2015-05-04 12:19:55;FALSE;NA;595201184874500096;NA;<a href="http://twitter.com" rel="nofollow">Twitter Web Client</a>;WandaNowicka;1;FALSE;FALSE;NA;NA;"Nowicka"
