"text";"favorited";"favoriteCount";"replyToSN";"created";"truncated";"replyToSID";"id";"replyToUID";"statusSource";"screenName";"retweetCount";"isRetweet";"retweeted";"longitude";"latitude";"lastname"
"O 8.13 w @Trojka_PRSA . Zapraszam.";FALSE;2;NA;"2015-02-10 06:37:20";FALSE;NA;565036779452260352;NA;"<a href=http://twitter.com/download/iphone rel=nofollow>Twitter for iPhone</a>";"JarubasAdam";1;FALSE;FALSE;NA;NA;"Jarubas"
"20. lutego spotkam sie z mieszkancami Deblina i okolic, serdecznie zapraszam! https://t.co/oFvHJK6ZBy";FALSE;2;NA;"2015-02-10 18:07:30";FALSE;NA;565210464918204416;NA;"<a href=http://twitter.com rel=nofollow>Twitter Web Client</a>";"M_Kowalski1";4;FALSE;FALSE;NA;NA;"Kowalski"
"Muzeum Zolnierzy Wykletych jednak w Ostrolece, ale bez dotacji z budzetu. Na Muzeum Zyd�w Polskich pieniadze byly http://t.co/EA5NZcIMW2";FALSE;9;NA;"2015-02-10 09:25:38";FALSE;NA;565079132783255552;NA;"<a href=http://twitter.com rel=nofollow>Twitter Web Client</a>";"M_Kowalski1";11;FALSE;FALSE;NA;NA;"Kowalski"
"O 8.13 w @Trojka_PRSA . Zapraszam.";FALSE;2;NA;"2015-02-10 06:37:20";FALSE;NA;565036779452260352;NA;"<a href=http://twitter.com/download/iphone rel=nofollow>Twitter for iPhone</a>";"JarubasAdam";1;FALSE;FALSE;NA;NA;"Jarubas"
"20. lutego spotkam sie z mieszkancami Deblina i okolic, serdecznie zapraszam! https://t.co/oFvHJK6ZBy";FALSE;2;NA;"2015-02-10 18:07:30";FALSE;NA;565210464918204416;NA;"<a href=http://twitter.com rel=nofollow>Twitter Web Client</a>";"M_Kowalski1";4;FALSE;FALSE;NA;NA;"Kowalski"
"Muzeum Zolnierzy Wykletych jednak w Ostrolece, ale bez dotacji z budzetu. Na Muzeum Zyd�w Polskich pieniadze byly http://t.co/EA5NZcIMW2";FALSE;9;NA;"2015-02-10 09:25:38";FALSE;NA;565079132783255552;NA;"<a href=http://twitter.com rel=nofollow>Twitter Web Client</a>";"M_Kowalski1";11;FALSE;FALSE;NA;NA;"Kowalski"
