"text";"favorited";"favoriteCount";"replyToSN";"created";"truncated";"replyToSID";"id";"replyToUID";"statusSource";"screenName";"retweetCount";"isRetweet";"retweeted";"longitude";"latitude";"lastname"
"Jutro rano jestem na Konwentyklu KNP - a potem: godz. 16.00. - Kozienice, ul. Ba...: Jutro rano jestem na Konw... http://t.co/7CvjOVog1p";FALSE;0;NA;"2014-02-07 23:10:40";FALSE;NA;431928022963208192;NA;"<a href=http://twitterfeed.com rel=nofollow>twitterfeed</a>";"korwinmikke";0;FALSE;FALSE;NA;NA;"Korwin"
"WCzc.Jaroslaw Gowin (PRJG, Krak�w) stanal tym razem po Ciemnej Stronie Mocy:  ht...: WCzc.Jaroslaw Gowin (PRJG... http://t.co/ltiNxkGiDc";FALSE;0;NA;"2014-02-07 17:33:35";FALSE;NA;431843193143820288;NA;"<a href=http://twitterfeed.com rel=nofollow>twitterfeed</a>";"korwinmikke";0;FALSE;FALSE;NA;NA;"Korwin"
"Dzis o 21.15 jestem w programie p.Barbary Czajkowskiej w TVP INFO Calosc konfere...: Dzis o 21.15 jestem w pro... http://t.co/MgRhmB8fzV";FALSE;1;NA;"2014-02-07 14:59:27";FALSE;NA;431804404715376640;NA;"<a href=http://twitterfeed.com rel=nofollow>twitterfeed</a>";"korwinmikke";1;FALSE;FALSE;NA;NA;"Korwin"
"Jutro rano jestem na Konwentyklu KNP - a potem: godz. 16.00. - Kozienice, ul. Ba...: Jutro rano jestem na Konw... http://t.co/7CvjOVog1p";FALSE;0;NA;"2014-02-07 23:10:40";FALSE;NA;431928022963208192;NA;"<a href=http://twitterfeed.com rel=nofollow>twitterfeed</a>";"korwinmikke";0;FALSE;FALSE;NA;NA;"Korwin"
"WCzc.Jaroslaw Gowin (PRJG, Krak�w) stanal tym razem po Ciemnej Stronie Mocy:  ht...: WCzc.Jaroslaw Gowin (PRJG... http://t.co/ltiNxkGiDc";FALSE;0;NA;"2014-02-07 17:33:35";FALSE;NA;431843193143820288;NA;"<a href=http://twitterfeed.com rel=nofollow>twitterfeed</a>";"korwinmikke";0;FALSE;FALSE;NA;NA;"Korwin"
"Dzis o 21.15 jestem w programie p.Barbary Czajkowskiej w TVP INFO Calosc konfere...: Dzis o 21.15 jestem w pro... http://t.co/MgRhmB8fzV";FALSE;1;NA;"2014-02-07 14:59:27";FALSE;NA;431804404715376640;NA;"<a href=http://twitterfeed.com rel=nofollow>twitterfeed</a>";"korwinmikke";1;FALSE;FALSE;NA;NA;"Korwin"
