"text";"favorited";"favoriteCount";"replyToSN";"created";"truncated";"replyToSID";"id";"replyToUID";"statusSource";"screenName";"retweetCount";"isRetweet";"retweeted";"longitude";"latitude";"lastname"
"@rewizjonista A ja pamietam pierniki o wdziecznej nazwie  Maciusie glazurowane  ;-)))";FALSE;0;"rewizjonista";"2015-03-03 14:07:46";FALSE;572751399685132288;572760280435957760;944172661;"<a href=http://twitter.com/download/iphone rel=nofollow>Twitter for iPhone</a>";"AndrzejDuda";0;FALSE;FALSE;NA;NA;"Duda"
"@KSzczerski Miesiac w lesnicz�wce zdecydowanie wole spedzic z zona.";FALSE;0;"KSzczerski";"2015-03-03 20:04:14";FALSE;NA;572849986817429504;365647906;"<a href=http://twitter.com/download/iphone rel=nofollow>Twitter for iPhone</a>";"JarubasAdam";1;FALSE;FALSE;NA;NA;"Jarubas"
"Plan najblizszych spotkan. Do zobaczenia! https://t.co/7GssJ1Bqcu http://t.co/uX9JdTjkwz";FALSE;4;NA;"2015-03-03 21:43:42";FALSE;NA;572875019694444544;NA;"<a href=http://twitter.com rel=nofollow>Twitter Web Client</a>";"M_Kowalski1";5;FALSE;FALSE;NA;NA;"Kowalski"
"Filmik od sympatyka, dzieki! https://t.co/feO7OCMNaI";FALSE;8;NA;"2015-03-03 18:55:18";FALSE;NA;572832637729046528;NA;"<a href=http://twitter.com rel=nofollow>Twitter Web Client</a>";"M_Kowalski1";1;FALSE;FALSE;NA;NA;"Kowalski"
"A w niedziele odwiedze Krasnik, licze na Wasza obecnosc! :) https://t.co/qsLOg9RUJN";FALSE;2;NA;"2015-03-03 18:54:05";FALSE;NA;572832331809103872;NA;"<a href=http://twitter.com rel=nofollow>Twitter Web Client</a>";"M_Kowalski1";2;FALSE;FALSE;NA;NA;"Kowalski"
"Zapraszam na spotkanie w Milejowie, do zobaczenia w sobote o 15:00! https://t.co/XzlT23VWMv";FALSE;2;NA;"2015-03-03 18:52:08";FALSE;NA;572831843290116096;NA;"<a href=http://twitter.com rel=nofollow>Twitter Web Client</a>";"M_Kowalski1";1;FALSE;FALSE;NA;NA;"Kowalski"
"Projekt  1200  skierowany do pierwszego czytania! http://t.co/d5Lj9uMtum @tvp_info @gazeta_wyborcza @tvn24 @Radio_TOK_FM @rdcpolskieradio";FALSE;0;NA;"2015-03-03 13:34:53";FALSE;NA;572752001823584256;NA;"<a href=http://twitter.com rel=nofollow>Twitter Web Client</a>";"WandaNowicka";0;FALSE;FALSE;NA;NA;"Nowicka"
"@rewizjonista A ja pamietam pierniki o wdziecznej nazwie  Maciusie glazurowane  ;-)))";FALSE;0;"rewizjonista";"2015-03-03 14:07:46";FALSE;572751399685132288;572760280435957760;944172661;"<a href=http://twitter.com/download/iphone rel=nofollow>Twitter for iPhone</a>";"AndrzejDuda";0;FALSE;FALSE;NA;NA;"Duda"
"@KSzczerski Miesiac w lesnicz�wce zdecydowanie wole spedzic z zona.";FALSE;0;"KSzczerski";"2015-03-03 20:04:14";FALSE;NA;572849986817429504;365647906;"<a href=http://twitter.com/download/iphone rel=nofollow>Twitter for iPhone</a>";"JarubasAdam";1;FALSE;FALSE;NA;NA;"Jarubas"
"Plan najblizszych spotkan. Do zobaczenia! https://t.co/7GssJ1Bqcu http://t.co/uX9JdTjkwz";FALSE;4;NA;"2015-03-03 21:43:42";FALSE;NA;572875019694444544;NA;"<a href=http://twitter.com rel=nofollow>Twitter Web Client</a>";"M_Kowalski1";5;FALSE;FALSE;NA;NA;"Kowalski"
"Filmik od sympatyka, dzieki! https://t.co/feO7OCMNaI";FALSE;8;NA;"2015-03-03 18:55:18";FALSE;NA;572832637729046528;NA;"<a href=http://twitter.com rel=nofollow>Twitter Web Client</a>";"M_Kowalski1";1;FALSE;FALSE;NA;NA;"Kowalski"
"A w niedziele odwiedze Krasnik, licze na Wasza obecnosc! :) https://t.co/qsLOg9RUJN";FALSE;2;NA;"2015-03-03 18:54:05";FALSE;NA;572832331809103872;NA;"<a href=http://twitter.com rel=nofollow>Twitter Web Client</a>";"M_Kowalski1";2;FALSE;FALSE;NA;NA;"Kowalski"
"Zapraszam na spotkanie w Milejowie, do zobaczenia w sobote o 15:00! https://t.co/XzlT23VWMv";FALSE;2;NA;"2015-03-03 18:52:08";FALSE;NA;572831843290116096;NA;"<a href=http://twitter.com rel=nofollow>Twitter Web Client</a>";"M_Kowalski1";1;FALSE;FALSE;NA;NA;"Kowalski"
"Projekt  1200  skierowany do pierwszego czytania! http://t.co/d5Lj9uMtum @tvp_info @gazeta_wyborcza @tvn24 @Radio_TOK_FM @rdcpolskieradio";FALSE;0;NA;"2015-03-03 13:34:53";FALSE;NA;572752001823584256;NA;"<a href=http://twitter.com rel=nofollow>Twitter Web Client</a>";"WandaNowicka";0;FALSE;FALSE;NA;NA;"Nowicka"
