"text";"favorited";"favoriteCount";"replyToSN";"created";"truncated";"replyToSID";"id";"replyToUID";"statusSource";"screenName";"retweetCount";"isRetweet";"retweeted";"longitude";"latitude";"lastname"
"@rekafadam a pojecia nie mam ;) !";FALSE;2;"rekafadam";"2014-12-21 12:22:13";FALSE;546636849834627072;546641789999124480;1166726708;"<a href=http://twitter.com/#!/download/ipad rel=nofollow>Twitter for iPad</a>";"ogorekmagda";0;FALSE;FALSE;NA;NA;"Og�rek"
"W najnowszym  Sensie  http://t.co/dM6efjyRDF";FALSE;12;NA;"2014-12-21 11:58:23";FALSE;NA;546635790458306560;NA;"<a href=http://twitter.com/#!/download/ipad rel=nofollow>Twitter for iPad</a>";"ogorekmagda";4;FALSE;FALSE;NA;NA;"Og�rek"
"@rekafadam a pojecia nie mam ;) !";FALSE;2;"rekafadam";"2014-12-21 12:22:13";FALSE;546636849834627072;546641789999124480;1166726708;"<a href=http://twitter.com/#!/download/ipad rel=nofollow>Twitter for iPad</a>";"ogorekmagda";0;FALSE;FALSE;NA;NA;"Og?rek"
"W najnowszym  Sensie  http://t.co/dM6efjyRDF";FALSE;12;NA;"2014-12-21 11:58:23";FALSE;NA;546635790458306560;NA;"<a href=http://twitter.com/#!/download/ipad rel=nofollow>Twitter for iPad</a>";"ogorekmagda";4;FALSE;FALSE;NA;NA;"Og?rek"
