"text";"favorited";"favoriteCount";"replyToSN";"created";"truncated";"replyToSID";"id";"replyToUID";"statusSource";"screenName";"retweetCount";"isRetweet";"retweeted";"longitude";"latitude";"lastname"
"W poniedzialek o 14.15 jestem w Radio POLSKA Live O 20.00 jestem w Polsat NEWS n...: W poniedzialek o 14.15 je... http://t.co/FnJM6rouU2";FALSE;0;NA;"2014-01-26 23:37:47";FALSE;NA;427586193228697600;NA;"<a href=http://twitterfeed.com rel=nofollow>twitterfeed</a>";"korwinmikke";0;FALSE;FALSE;NA;NA;"Korwin"
"Dzisiejsze Mlodziez Kontra Patryk Waclawski vs Marek Migalski  https://www.youtu...: Dzisiejsze Mlodziez Kontr... http://t.co/pFrfKkC2dg";FALSE;0;NA;"2014-01-26 20:15:00";FALSE;NA;427535163396870144;NA;"<a href=http://twitterfeed.com rel=nofollow>twitterfeed</a>";"korwinmikke";0;FALSE;FALSE;NA;NA;"Korwin"
"Jest juz film z Poznania: http://t.co/1NzMZ6thwb...: Jest juz film z Poznania:... http://t.co/o5C6Nphl8u";FALSE;2;NA;"2014-01-26 14:49:30";FALSE;NA;427453248589418496;NA;"<a href=http://twitterfeed.com rel=nofollow>twitterfeed</a>";"korwinmikke";0;FALSE;FALSE;NA;NA;"Korwin"
"Sa juzpierwsze  echa pobytu w Lesznie:  http://t.co/MByKYnuEtN...: Sa juzpierwsze  echa poby... http://t.co/ClTHr7U9Me";FALSE;0;NA;"2014-01-26 10:28:32";FALSE;NA;427387572415770624;NA;"<a href=http://twitterfeed.com rel=nofollow>twitterfeed</a>";"korwinmikke";0;FALSE;FALSE;NA;NA;"Korwin"
"W poniedzialek o 14.15 jestem w Radio POLSKA Live O 20.00 jestem w Polsat NEWS n...: W poniedzialek o 14.15 je... http://t.co/FnJM6rouU2";FALSE;0;NA;"2014-01-26 23:37:47";FALSE;NA;427586193228697600;NA;"<a href=http://twitterfeed.com rel=nofollow>twitterfeed</a>";"korwinmikke";0;FALSE;FALSE;NA;NA;"Korwin"
"Dzisiejsze Mlodziez Kontra Patryk Waclawski vs Marek Migalski  https://www.youtu...: Dzisiejsze Mlodziez Kontr... http://t.co/pFrfKkC2dg";FALSE;0;NA;"2014-01-26 20:15:00";FALSE;NA;427535163396870144;NA;"<a href=http://twitterfeed.com rel=nofollow>twitterfeed</a>";"korwinmikke";0;FALSE;FALSE;NA;NA;"Korwin"
"Jest juz film z Poznania: http://t.co/1NzMZ6thwb...: Jest juz film z Poznania:... http://t.co/o5C6Nphl8u";FALSE;2;NA;"2014-01-26 14:49:30";FALSE;NA;427453248589418496;NA;"<a href=http://twitterfeed.com rel=nofollow>twitterfeed</a>";"korwinmikke";0;FALSE;FALSE;NA;NA;"Korwin"
"Sa juzpierwsze  echa pobytu w Lesznie:  http://t.co/MByKYnuEtN...: Sa juzpierwsze  echa poby... http://t.co/ClTHr7U9Me";FALSE;0;NA;"2014-01-26 10:28:32";FALSE;NA;427387572415770624;NA;"<a href=http://twitterfeed.com rel=nofollow>twitterfeed</a>";"korwinmikke";0;FALSE;FALSE;NA;NA;"Korwin"
