"text";"favorited";"favoriteCount";"replyToSN";"created";"truncated";"replyToSID";"id";"replyToUID";"statusSource";"screenName";"retweetCount";"isRetweet";"retweeted";"longitude";"latitude";"lastname"
"Sad ws. komornika: Ciagnik sprzedano, sprawy nie ma! http://t.co/QrQ5JbDq9A";FALSE;16;NA;"2015-01-21 16:58:24";FALSE;NA;557945318902616064;NA;"<a href=http://twitter.com rel=nofollow>Twitter Web Client</a>";"ogorekmagda";10;FALSE;FALSE;NA;NA;"Og�rek"
"Drodzy tweeterowcy i fejsbukowicze, to Wasza sprawka. Dziekuje! http://t.co/20EAIKbDQM";FALSE;9;NA;"2015-01-21 20:12:34";FALSE;NA;557994183248846848;NA;"<a href=http://twitter.com/download/android rel=nofollow>Twitter for Android</a>";"AnnaGrodzka";0;FALSE;FALSE;NA;NA;"Grodzka"
"Sad ws. komornika: Ciagnik sprzedano, sprawy nie ma! http://t.co/QrQ5JbDq9A";FALSE;16;NA;"2015-01-21 16:58:24";FALSE;NA;557945318902616064;NA;"<a href=http://twitter.com rel=nofollow>Twitter Web Client</a>";"ogorekmagda";10;FALSE;FALSE;NA;NA;"Og?rek"
"Drodzy tweeterowcy i fejsbukowicze, to Wasza sprawka. Dziekuje! http://t.co/20EAIKbDQM";FALSE;9;NA;"2015-01-21 20:12:34";FALSE;NA;557994183248846848;NA;"<a href=http://twitter.com/download/android rel=nofollow>Twitter for Android</a>";"AnnaGrodzka";0;FALSE;FALSE;NA;NA;"Grodzka"
