"text";"favorited";"favoriteCount";"replyToSN";"created";"truncated";"replyToSID";"id";"replyToUID";"statusSource";"screenName";"retweetCount";"isRetweet";"retweeted";"longitude";"latitude";"lastname"
"Weekendowa @gazetapl_news Polecam! http://t.co/KDsTB4IjLP";FALSE;5;NA;"2015-02-06 16:36:38";FALSE;NA;563738045808381952;NA;"<a href=http://twitter.com/download/android rel=nofollow>Twitter for Android</a>";"AnnaGrodzka";1;FALSE;FALSE;NA;NA;"Grodzka"
"Sejm nareszcie ratyfikowal Konwencje o zapobieganiu i zwalczaniu przemocy wobec kobiet i przemocy domowej. Apelujemy o podpis Prezydenta!";FALSE;28;NA;"2015-02-06 10:06:56";FALSE;NA;563639973090689024;NA;"<a href=http://twitter.com rel=nofollow>Twitter Web Client</a>";"AnnaGrodzka";3;FALSE;FALSE;NA;NA;"Grodzka"
"Weekendowa @gazetapl_news Polecam! http://t.co/KDsTB4IjLP";FALSE;5;NA;"2015-02-06 16:36:38";FALSE;NA;563738045808381952;NA;"<a href=http://twitter.com/download/android rel=nofollow>Twitter for Android</a>";"AnnaGrodzka";1;FALSE;FALSE;NA;NA;"Grodzka"
"Sejm nareszcie ratyfikowal Konwencje o zapobieganiu i zwalczaniu przemocy wobec kobiet i przemocy domowej. Apelujemy o podpis Prezydenta!";FALSE;28;NA;"2015-02-06 10:06:56";FALSE;NA;563639973090689024;NA;"<a href=http://twitter.com rel=nofollow>Twitter Web Client</a>";"AnnaGrodzka";3;FALSE;FALSE;NA;NA;"Grodzka"
