"text";"favorited";"favoriteCount";"replyToSN";"created";"truncated";"replyToSID";"id";"replyToUID";"statusSource";"screenName";"retweetCount";"isRetweet";"retweeted";"longitude";"latitude";"lastname"
"Jak wiadomo rola naukowca polega dzis na zalezieniu dla zjawiska nazwy. Sp.Stans...: Jak wiadomo rola naukowca... http://t.co/0F7QQLiRIQ";FALSE;0;NA;"2014-01-31 22:16:57";FALSE;NA;429377791209922560;NA;"<a href=http://twitterfeed.com rel=nofollow>twitterfeed</a>";"korwinmikke";0;FALSE;FALSE;NA;NA;"Korwin"
"P.Jan Guz, il Capo di tutti capi w OPZZ, zapowiedzial zbieranie podpis�w pod ini...: P.Jan Guz, il Capo di tut... http://t.co/iO6O3qwP7l";FALSE;2;NA;"2014-01-31 04:36:34";FALSE;NA;429110938420002816;NA;"<a href=http://twitterfeed.com rel=nofollow>twitterfeed</a>";"korwinmikke";1;FALSE;FALSE;NA;NA;"Korwin"
"Jak wiadomo rola naukowca polega dzis na zalezieniu dla zjawiska nazwy. Sp.Stans...: Jak wiadomo rola naukowca... http://t.co/0F7QQLiRIQ";FALSE;0;NA;"2014-01-31 22:16:57";FALSE;NA;429377791209922560;NA;"<a href=http://twitterfeed.com rel=nofollow>twitterfeed</a>";"korwinmikke";0;FALSE;FALSE;NA;NA;"Korwin"
"P.Jan Guz, il Capo di tutti capi w OPZZ, zapowiedzial zbieranie podpis�w pod ini...: P.Jan Guz, il Capo di tut... http://t.co/iO6O3qwP7l";FALSE;2;NA;"2014-01-31 04:36:34";FALSE;NA;429110938420002816;NA;"<a href=http://twitterfeed.com rel=nofollow>twitterfeed</a>";"korwinmikke";1;FALSE;FALSE;NA;NA;"Korwin"
